L|128.3649,38.6243,128.4414,38.5058,128.4745,38.4261,128.5628,38.289,128.6316,38.145,128.6787,38.0943,128.6925,38.0649,128.9238,37.8023,129.0642,37.6789,129.0733,37.613,129.1087,37.5974,129.1482,37.5051,129.1612,37.4876,129.19,37.4694,129.2354,37.3983,129.2628,37.3709,129.2828,37.3244,129.3311,37.2822,129.3464,37.2475,129.3601,37.1718,129.3789,37.1301,129.4302,37.0731,129.4341,37.0611,129.4127,37.0181,129.4287,36.8974,129.438,36.8561,129.4712,36.7719,129.4739,36.7306,129.4635,36.6925,129.4226,36.6166,129.4471,36.4933,129.4409,36.4079,129.4348,36.3896,129.3919,36.3425,129.3866,36.3227,129.3823,36.2019,129.3858,36.1855,129.4039,36.1676,129.4171,36.1076,129.4305,36.0974,129.4187,36.073,129.3818,36.0552,129.3809,36.0415,129.4331,35.9961,129.4533,35.9933,129.479,36.0096,129.5548,36.0825,129.5713,36.0718,129.5873,36.0169,129.5356,35.939,129.5221,35.8446,129.4962,35.7851,129.4977,35.7479,129.4711,35.6832,129.4431,35.6361,129.4673,35.5997,129.4546,35.5133,129.428,35.4787,129.4129,35.4721,129.4004,35.5126,129.3875,35.5299,129.3735,35.5328,129.3652,35.5133,129.3871,35.5023,129.3919,35.4757,129.3875,35.4623,129.3578,35.4518,129.3646,35.4069,129.3468,35.3823,129.3618,35.3672,129.3604,35.3536,129.3205,35.3385,129.2927,35.316,129.2692,35.3168,129.2624,35.284,129.2497,35.2662,129.2557,35.247,129.1943,35.1555,129.1203,35.1496,129.1193,35.1356,129.1286,35.1141,129.1235,35.1008,129.1011,35.0923,129.0638,35.1208,129.0376,35.0978,129.0219,35.06,129.0138,35.0553,128.997,35.0757,129.0004,35.0459,128.9851,35.0543,128.9651,35.0436,128.9584,35.0504,128.9504,35.0729,128.9613,35.119,128.9628,35.1334,128.958,35.1369,128.9184,35.0819,128.9046,35.0811,128.9046,35.1205,128.8979,35.1213,128.8822,35.0815,128.7916,35.083,128.7811,35.1111,128.772,35.0833,128.762,35.0794,128.7387,35.088,128.7278,35.1047,128.7158,35.1059,128.7004,35.0961,128.6963,35.1435,128.6805,35.1314,128.6799,35.116,128.638,35.1498,128.6179,35.1433,128.6223,35.1574,128.614,35.1774,128.6179,35.1849,128.6021,35.2139,128.5781,35.1894,128.5779,35.1787,128.6018,35.1212,128.627,35.0908,128.6248,35.0682,128.6521,35.0613,128.6345,35.0546,128.6036,35.0566,128.5968,35.075,128.5803,35.0879,128.5264,35.1035,128.4781,35.0991,128.4691,35.0954,128.4697,35.0884,128.4813,35.075,128.3892,35.049,128.3821,35.0226,128.3714,35.0136,128.3714,35.0068,128.4712,35.0502,128.4881,35.0512,128.4996,35.0092,128.4915,34.9959,128.4592,34.9874,128.4268,34.9925,128.42,34.9827,128.4414,34.9599,128.433,34.8907,128.4421,34.8835,128.4509,34.8859,128.4609,34.9037,128.4745,34.8907,128.4353,34.8432,128.3829,34.8393,128.3834,34.8546,128.4109,34.856,128.4159,34.8627,128.3408,34.8727,128.3245,34.8973,128.3578,34.9099,128.3351,34.9473,128.3187,34.9341,128.3023,34.908,128.2791,34.9068,128.2579,34.9302,128.2241,34.9379,128.2141,34.9329,128.2086,34.9208,128.207,34.8907,128.1394,34.8919,128.1211,34.9003,128.1177,34.9242,128.0557,34.9316,128.051,34.9396,128.0557,34.9617,128.054,35.0358,128.0693,35.0825,128.025,35.0358,128.001,35.0341,128.0193,34.9987,128.0068,34.9918,127.9797,34.9923,127.9539,34.9788,127.937,35.0126,127.9258,35.0198,127.9229,34.9875,127.9121,34.9621,127.8912,34.9467,127.8443,34.9502,127.8303,34.9447,127.7984,34.9586,127.7444,34.9602,127.7192,34.9901,127.7205,34.9652,127.7092,34.9404,127.6621,34.9068,127.6411,34.8991,127.6261,34.9097,127.6072,34.9413,127.5916,34.9464,127.5807,34.9337,127.5753,34.9136,127.5764,34.8969,127.6012,34.8563,127.6189,34.8364,127.6565,34.8119,127.7,34.8423,127.7568,34.8408,127.7756,34.8491,127.7498,34.7371,127.7415,34.7256,127.7064,34.7159,127.6563,34.7313,127.638,34.6982,127.6243,34.6982,127.638,34.671,127.6453,34.6263,127.6407,34.618,127.614,34.6369,127.5723,34.6474,127.5608,34.6622,127.5559,34.6846,127.5845,34.7462,127.5559,34.8007,127.5354,34.8081,127.5396,34.8231,127.5244,34.8493,127.5281,34.8798,127.5213,34.8898,127.511,34.8847,127.4839,34.8395,127.4447,34.8292,127.3653,34.824,127.4255,34.8007,127.4255,34.7944,127.3616,34.7733,127.3579,34.7597,127.3665,34.754,127.3853,34.7602,127.3953,34.7567,127.4024,34.7471,127.3921,34.7398,127.406,34.7,127.4662,34.6622,127.4876,34.6369,127.4522,34.6369,127.4952,34.6232,127.5036,34.5913,127.4841,34.5766,127.4522,34.5748,127.3921,34.602,127.3494,34.5858,127.3436,34.5782,127.3579,34.5543,127.3804,34.5471,127.4184,34.5553,127.4392,34.5407,127.3749,34.485,127.3566,34.492,127.3278,34.4739,127.3308,34.4565,127.3436,34.445,127.3159,34.4449,127.261,34.5133,127.2235,34.5468,127.1724,34.5276,127.1792,34.5133,127.1338,34.5263,127.1245,34.5407,127.1233,34.5554,127.1296,34.5639,127.159,34.58,127.1917,34.6236,127.2134,34.6369,127.2075,34.604,127.1929,34.5748,127.2467,34.5837,127.2613,34.6004,127.261,34.63,127.2415,34.6558,127.2406,34.671,127.2747,34.7051,127.292,34.6945,127.2884,34.6772,127.2944,34.6641,127.3145,34.6519,127.3364,34.6636,127.3579,34.6982,127.3316,34.7412,127.2908,34.7214,127.2727,34.7338,127.2481,34.7665,127.2137,34.7056,127.1997,34.6915,127.1853,34.6867,127.1362,34.6881,127.0991,34.6545,127.0103,34.6125,127.0072,34.5815,126.9867,34.5537,126.9942,34.5407,126.939,34.4959,126.9408,34.4546,126.9314,34.4477,126.9048,34.4587,126.896,34.4499,126.8923,34.4294,126.898,34.4177,126.857,34.4376,126.8098,34.4512,126.802,34.4704,126.8067,34.5685,126.8001,34.582,126.7887,34.5891,126.7778,34.5865,126.7552,34.5577,126.766,34.5234,126.7351,34.5149,126.7391,34.5027,126.7615,34.4792,126.7088,34.4499,126.7271,34.4428,126.7269,34.433,126.6902,34.4359,126.6822,34.414,126.6336,34.3957,126.6053,34.3217,126.6033,34.3004,126.5789,34.3048,126.5328,34.2922,126.5213,34.2942,126.5274,34.3414,126.5057,34.3499,126.4796,34.3488,126.4885,34.3806,126.5007,34.3823,126.5176,34.4138,126.5088,34.4272,126.4758,34.4333,126.4837,34.4702,126.4819,34.4768,126.4659,34.4724,126.4703,34.4965,126.4902,34.5086,126.5418,34.5133,126.531,34.527,126.5138,34.5338,126.5393,34.5536,126.5396,34.563,126.5274,34.5685,126.5076,34.5543,126.4796,34.5611,126.4659,34.5407,126.4173,34.5404,126.3909,34.5338,126.389,34.5497,126.3567,34.5685,126.346,34.5846,126.3401,34.5744,126.325,34.5696,126.2953,34.5891,126.2918,34.5991,126.3015,34.6089,126.3155,34.6041,126.3228,34.6089,126.3186,34.6191,126.2711,34.6425,126.2694,34.6713,126.2886,34.7256,126.2903,34.7502,126.3059,34.7529,126.3196,34.7477,126.3567,34.6982,126.3442,34.6779,126.3699,34.6089,126.4646,34.5847,126.4727,34.602,126.435,34.6068,126.4126,34.6298,126.4161,34.6527,126.4029,34.6507,126.3965,34.6366,126.3861,34.6358,126.3768,34.6795,126.3844,34.6937,126.3786,34.7112,126.406,34.7134,126.4479,34.7059,126.4533,34.6979,126.4529,34.671,126.5357,34.6232,126.54,34.6276,126.5191,34.6504,126.5316,34.6526,126.6027,34.6255,126.6236,34.63,126.6025,34.6329,126.5554,34.6635,126.5628,34.671,126.5411,34.684,126.5084,34.7185,126.4653,34.7297,126.4358,34.7281,126.4154,34.739,126.3902,34.7334,126.3671,34.7397,126.364,34.7492,126.3783,34.7639,126.3923,34.7686,126.4221,34.7648,126.4601,34.7788,126.5059,34.751,126.5213,34.7535,126.5349,34.746,126.5325,34.7829,126.5444,34.7957,126.5689,34.8007,126.6382,34.788,126.6311,34.8007,126.6653,34.8081,126.6504,34.8222,126.5758,34.8218,126.5758,34.8553,126.5891,34.8729,126.5894,34.8832,126.5814,34.898,126.5676,34.9014,126.5418,34.8832,126.5486,34.8491,126.5133,34.7823,126.4934,34.7808,126.4872,34.7871,126.5007,34.8081,126.4872,34.8138,126.4561,34.8007,126.4295,34.8056,126.421,34.8023,126.4193,34.792,126.384,34.7863,126.3735,34.7907,126.3701,34.8013,126.4051,34.8372,126.411,34.8513,126.4087,34.874,126.4251,34.8907,126.4017,34.9155,126.3977,34.9515,126.4364,34.9814,126.4,34.9846,126.3706,34.9685,126.3773,34.9379,126.3633,34.9274,126.3452,34.9264,126.3152,34.9379,126.3289,34.9447,126.3015,34.9726,126.313,34.9774,126.3492,34.9726,126.3462,34.9941,126.3741,35.0168,126.3667,35.0378,126.3206,35.0833,126.3015,35.0887,126.3094,35.0662,126.3025,35.0534,126.2883,35.053,126.2742,35.0682,126.2835,35.0788,126.2578,35.1068,126.2542,35.1234,126.2686,35.1372,126.2891,35.1394,126.3072,35.1318,126.3152,35.116,126.3279,35.1226,126.343,35.157,126.3514,35.136,126.345,35.0964,126.3567,35.0961,126.3653,35.074,126.4114,35.0613,126.4072,35.039,126.4251,35.0198,126.4503,35.0666,126.4524,35.1003,126.4142,35.1197,126.4039,35.1422,126.3711,35.1735,126.3635,35.188,126.3773,35.2116,126.3616,35.2257,126.3635,35.2395,126.3089,35.2333,126.3201,35.2446,126.3773,35.2526,126.3567,35.26,126.3804,35.2842,126.3807,35.3271,126.4114,35.3699,126.4319,35.3494,126.4585,35.3454,126.4182,35.394,126.4698,35.4985,126.4927,35.5253,126.5253,35.5349,126.5942,35.5425,126.623,35.5686,126.6429,35.5728,126.679,35.538,126.6925,35.5344,126.6702,35.5887,126.655,35.5958,126.5132,35.5769,126.4637,35.602,126.4676,35.6396,126.491,35.6491,126.5303,35.6832,126.5972,35.7139,126.6251,35.7456,126.6294,35.7755,126.6622,35.793,126.7331,35.7924,126.7713,35.7752,126.782,35.7602,126.791,35.7914,126.7007,35.8398,126.7034,35.8485,126.7291,35.865,126.7971,35.8629,126.8062,35.8667,126.8193,35.8881,126.8375,35.8933,126.8098,35.9117,126.7332,35.8856,126.6123,35.8902,126.6088,35.9311,126.5697,35.946,126.5257,35.9404,126.5214,35.9705,126.7112,35.9858,126.7273,35.9936,126.7445,35.9896,126.8023,36.0209,126.8491,36.036,126.8689,36.0475,126.8707,36.062,126.7915,36.0422,126.7544,36.0177,126.6925,35.9999,126.6773,36.0059,126.6653,36.0346,126.6311,36.0756,126.645,36.0847,126.6123,36.099,126.5894,36.1308,126.5719,36.137,126.5523,36.1308,126.5518,36.1418,126.5292,36.1535,126.5096,36.151,126.5003,36.1257,126.4934,36.1308,126.4974,36.16,126.5314,36.1739,126.5613,36.1816,126.6033,36.1718,126.5801,36.1994,126.5623,36.2072,126.5543,36.2034,126.5349,36.2196,126.568,36.2868,126.5826,36.2947,126.5715,36.3056,126.5138,36.3227,126.5288,36.3339,126.5733,36.3426,126.5826,36.353,126.5762,36.3663,126.5206,36.3736,126.5007,36.3909,126.5007,36.3977,126.5138,36.3977,126.4988,36.4201,126.5375,36.4332,126.5568,36.4558,126.6174,36.4735,126.5591,36.4735,126.545,36.467,126.5234,36.4411,126.5076,36.4387,126.4977,36.4484,126.4834,36.497,126.5139,36.5288,126.5108,36.5342,126.4916,36.5287,126.4703,36.5402,126.4657,36.5494,126.4692,36.5669,126.4577,36.5956,126.5123,36.6032,126.5199,36.6262,126.4838,36.6496,126.508,36.6704,126.4985,36.6843,126.4745,36.6879,126.4697,36.7046,126.4773,36.7169,126.5007,36.7199,126.4796,36.7471,126.438,36.7165,126.4469,36.6838,126.4395,36.6643,126.4439,36.6381,126.4242,36.6066,126.4057,36.6182,126.3864,36.6189,126.3671,36.6291,126.3779,36.7026,126.3664,36.707,126.3699,36.7323,126.3591,36.7427,126.343,36.7404,126.3243,36.6997,126.3015,36.6994,126.3291,36.6606,126.3357,36.6441,126.3247,36.6366,126.3262,36.6284,126.343,36.61,126.3148,36.6016,126.2953,36.5827,126.2886,36.61,126.3023,36.6344,126.273,36.6732,126.2817,36.6926,126.2742,36.7199,126.2557,36.7116,126.2293,36.6847,126.1777,36.6732,126.1656,36.6789,126.157,36.7021,126.2031,36.7059,126.2136,36.7116,126.2134,36.7267,126.2026,36.7424,126.1582,36.7608,126.1502,36.7239,126.1328,36.7038,126.1282,36.7613,126.1566,36.7942,126.1656,36.8161,126.1854,36.7813,126.2134,36.7813,126.1922,36.8086,126.2207,36.8017,126.2324,36.8042,126.24,36.8161,126.1987,36.8232,126.1969,36.8357,126.2134,36.857,126.1908,36.872,126.1922,36.8859,126.2339,36.9042,126.23,36.873,126.2752,36.8747,126.2817,36.8837,126.2857,36.9611,126.3089,36.9669,126.3067,36.9315,126.3235,36.8832,126.3015,36.857,126.3089,36.8291,126.2817,36.8123,126.2827,36.8037,126.2913,36.7893,126.3153,36.8043,126.3279,36.8046,126.3567,36.7888,126.3287,36.847,126.3394,36.857,126.3653,36.8354,126.3741,36.8496,126.4046,36.857,126.4046,36.8632,126.3773,36.8707,126.3773,36.8769,126.4014,36.8814,126.4155,36.8998,126.4192,36.9223,126.4114,36.9389,126.3765,36.9416,126.3539,36.9552,126.3507,36.9645,126.3555,36.9678,126.3699,36.9594,126.3765,36.9749,126.3694,36.9841,126.3357,36.9868,126.353,37,126.3638,37.0015,126.3914,36.9898,126.3909,37.0079,126.4454,37.0034,126.4529,36.9902,126.4324,36.962,126.4387,36.9458,126.4686,36.9576,126.4785,36.9359,126.4796,36.929,126.4659,36.9116,126.4659,36.8669,126.4692,36.854,126.4839,36.8415,126.5191,36.9479,126.5486,36.9259,126.5684,36.8985,126.5826,36.898,126.5591,36.9424,126.4934,36.997,126.4968,37.0078,126.5054,37.0066,126.5503,36.9731,126.5721,36.9775,126.573,36.9844,126.533,37.0009,126.5123,37.0164,126.5007,37.055,126.535,37.0493,126.6261,36.9961,126.6361,36.9825,126.6217,36.9598,126.6336,36.9374,126.6311,36.9116,126.6465,36.9251,126.6494,36.9661,126.665,36.9885,126.6815,36.9947,126.7578,36.9822,126.7962,36.9558,126.7977,36.9344,126.782,36.8912,126.8128,36.9169,126.823,36.9184,126.8302,36.9102,126.8365,36.8669,126.8298,36.8393,126.8491,36.788,126.8463,36.7791,126.8298,36.7751,126.8368,36.7609,126.8508,36.754,126.8716,36.804,126.8633,36.8291,126.9048,36.8223,126.8705,36.8528,126.8602,36.8696,126.9425,36.8934,126.9895,36.9186,127.0003,36.9284,127.0072,36.9526,126.9942,36.9669,127.0394,36.982,127.042,36.9936,126.9822,36.9802,126.9732,36.97,126.9763,36.939,126.9691,36.932,126.9458,36.9259,126.9127,36.9296,126.8734,36.948,126.8379,36.9759,126.8244,37.0026,126.8843,37.0079,126.8843,37.0141,126.8707,37.0215,126.8926,37.0222,126.911,37.0141,126.9067,37.0331,126.8831,37.0696,126.8905,37.0959,126.8792,37.1,126.8705,37.0908,126.8587,37.0413,126.8491,37.0373,126.8397,37.0449,126.8013,37.0377,126.7552,37.0488,126.7529,37.1007,126.7645,37.1177,126.7783,37.1328,126.7942,37.1389,126.8635,37.1503,126.8707,37.1755,126.8645,37.1791,126.8298,37.1587,126.8074,37.1653,126.8023,37.1854,126.7593,37.1647,126.7144,37.128,126.6921,37.125,126.6856,37.1301,126.686,37.1393,126.7069,37.1649,126.6685,37.1618,126.6653,37.1755,126.6707,37.1856,126.7069,37.1997,126.719,37.2129,126.6802,37.2177,126.6585,37.2543,126.6721,37.2617,126.6795,37.2572,126.71,37.2617,126.7522,37.2483,126.7676,37.2543,126.7676,37.2323,126.782,37.2202,126.7925,37.2235,126.8023,37.2543,126.8192,37.2744,126.8486,37.2653,126.8707,37.2679,126.8521,37.2862,126.8289,37.288,126.8225,37.2956,126.7836,37.2953,126.7333,37.3062,126.6898,37.3325,126.6875,37.344,126.72,37.3771,126.7172,37.3838,126.6647,37.3892,126.6403,37.3644,126.6151,37.3797,126.6386,37.4138,126.6303,37.425,126.596,37.4397,126.595,37.4723,126.6048,37.4857,126.642,37.4961,126.6442,37.5044,126.6307,37.5073,126.627,37.4986,126.6065,37.4968,126.6011,37.5068,126.6038,37.5493,126.5605,37.6074,126.531,37.7547,126.5349,37.7682,126.5482,37.7702,126.6033,37.7545,126.6485,37.765,126.6619,37.758,126.6688,37.7277,126.6615,37.6724,126.6921,37.652,126.731,37.6391,126.7552,37.6379,126.6788,37.6863,126.7005,37.743,126.6849,37.7936,126.7,37.8297,126.6925,37.8371,126.6675,37.8278,126.6605,37.9138,126.6658,37.9376,126.7221,37.9539,126.7619,37.979,126.8473,38.082,126.9198,38.1346,126.9537,38.2007,126.9719,38.2189,127.0267,38.2545,127.0905,38.2859,127.1575,38.3072,127.3771,38.3185,127.4719,38.2959,127.5608,38.3121,127.7537,38.3254,127.787,38.2967,127.8008,38.2939,127.8669,38.3048,127.9718,38.3,128.0399,38.3043,128.1085,38.3235,128.1724,38.356,128.2256,38.3998,128.2681,38.4535,128.2811,38.4844,128.2854,38.5198,128.2748,38.5715,128.2811,38.5844,128.3649,38.6243
L|128.7485,34.869,128.7429,34.8445,128.7341,34.8376,128.7206,34.8423,128.739,34.8062,128.7417,34.7907,128.7341,34.7882,128.7166,34.7932,128.6864,34.8081,128.6802,34.7866,128.6629,34.77,128.6572,34.757,128.6856,34.7438,128.6939,34.7362,128.6782,34.7248,128.6058,34.7064,128.584,34.7051,128.6182,34.7256,128.604,34.7311,128.5986,34.74,128.6045,34.7665,128.5735,34.7535,128.5643,34.7587,128.5598,34.7702,128.5604,34.7818,128.5667,34.7871,128.5916,34.7912,128.5986,34.8022,128.5991,34.8178,128.6045,34.8354,128.5908,34.8423,128.5806,34.8319,128.5447,34.8188,128.5288,34.8081,128.4915,34.8499,128.4885,34.869,128.4949,34.8804,128.5233,34.8992,128.5737,34.9101,128.584,34.9099,128.627,34.8918,128.6455,34.8907,128.6455,34.8969,128.627,34.9069,128.6164,34.9219,128.6106,34.9549,128.6238,34.9536,128.6939,34.9863,128.6819,35.0046,128.6875,35.0229,128.7029,35.0329,128.7206,35.0272,128.7249,35.0189,128.7192,34.9663,128.7344,34.9355,128.7302,34.9104,128.7144,34.8764,128.7443,34.8878,128.7476,34.8858,128.7485,34.869
L|126.9461,33.478,126.9536,33.465,126.9324,33.4513,126.9392,33.4309,126.9075,33.3957,126.8735,33.373,126.8406,33.3102,126.7801,33.3055,126.7418,33.2802,126.6407,33.2647,126.6069,33.2406,126.5655,33.2329,126.5212,33.2366,126.4706,33.2287,126.4285,33.2393,126.3334,33.2382,126.3038,33.2266,126.2861,33.2004,126.27,33.1976,126.2539,33.204,126.2312,33.2349,126.2008,33.2436,126.1714,33.2694,126.1611,33.3008,126.1958,33.3667,126.241,33.3928,126.2707,33.4359,126.2979,33.4417,126.3106,33.4645,126.4594,33.5024,126.4849,33.5208,126.5824,33.5293,126.6488,33.5534,126.6647,33.5497,126.7924,33.5638,126.8234,33.5594,126.8499,33.535,126.8982,33.519,126.9129,33.5066,126.9324,33.4649,126.9461,33.478
L|128.0696,34.815,128.0747,34.8037,128.0633,34.77,128.0653,34.7375,128.0516,34.7287,128.0601,34.7084,128.0559,34.6982,128.0405,34.6959,128.0101,34.7088,127.9915,34.7017,127.9753,34.6999,127.9653,34.7193,127.9541,34.7597,127.9377,34.767,127.9246,34.7596,127.9157,34.7427,127.9124,34.7219,127.9063,34.7131,127.8921,34.7127,127.868,34.7219,127.8618,34.7309,127.8579,34.7597,127.8303,34.8336,127.8267,34.8514,127.8294,34.869,127.8408,34.8869,127.8623,34.8961,127.867,34.9182,127.8729,34.9245,127.9021,34.94,127.9172,34.9362,127.9305,34.9265,127.9382,34.914,127.9369,34.9008,127.9281,34.8883,127.9056,34.869,127.9199,34.8354,127.9499,34.8247,127.9619,34.807,128.0291,34.8218,128.0696,34.815
L|126.3801,34.4984,126.3816,34.4847,126.3735,34.4544,126.3459,34.409,126.3359,34.4035,126.3093,34.424,126.3052,34.4017,126.21,34.3588,126.1564,34.3526,126.1448,34.355,126.1426,34.3638,126.1585,34.3823,126.1531,34.3885,126.1243,34.4035,126.1243,34.3823,126.1033,34.4028,126.1157,34.4362,126.1442,34.4632,126.1721,34.4649,126.187,34.4942,126.1963,34.5028,126.2238,34.5134,126.2266,34.5276,126.2383,34.5157,126.2542,34.5144,126.2683,34.522,126.2744,34.5373,126.2668,34.5498,126.2411,34.5665,126.2477,34.5748,126.2639,34.5758,126.2804,34.5683,126.3054,34.5543,126.3156,34.5383,126.3223,34.5338,126.3495,34.5468,126.3504,34.5382,126.3801,34.4984
L|126.4054,36.4588,126.4129,36.4403,126.4264,36.4236,126.4321,36.4079,126.4226,36.4115,126.3638,36.4114,126.3611,36.4263,126.3736,36.4373,126.3776,36.4462,126.3538,36.4341,126.3426,36.4384,126.3457,36.4533,126.3638,36.4735,126.3569,36.4796,126.3433,36.4666,126.3386,36.4756,126.3281,36.4711,126.3336,36.4951,126.3298,36.5317,126.3148,36.5818,126.3412,36.6041,126.3602,36.6094,126.3735,36.5922,126.3753,36.5861,126.3634,36.5738,126.3643,36.567,126.3811,36.5363,126.3838,36.5265,126.3794,36.5184,126.3846,36.5112,126.3959,36.5058,126.4048,36.4933,126.3838,36.4933,126.3838,36.4871,126.4048,36.4796,126.4027,36.4684,126.4054,36.4588
L|126.5078,37.5969,126.4942,37.5984,126.4761,37.6111,126.4627,37.6043,126.4102,37.602,126.3906,37.6093,126.3701,37.631,126.4009,37.6374,126.4082,37.6413,126.4167,37.6518,126.3692,37.7191,126.367,37.7272,126.3706,37.738,126.3696,37.7853,126.3738,37.7961,126.3835,37.799,126.4071,37.8207,126.4253,37.8244,126.4413,37.8153,126.4714,37.7902,126.5036,37.7774,126.5164,37.7672,126.5215,37.7512,126.514,37.7235,126.5277,37.6959,126.5309,37.6599,126.5277,37.6515,126.542,37.631,126.5291,37.6249,126.5178,37.6038,126.5078,37.5969
L|126.5633,37.5144,126.5764,37.5024,126.5831,37.4904,126.5658,37.48,126.5406,37.4777,126.5066,37.4656,126.494,37.4566,126.487,37.4468,126.4434,37.4206,126.4205,37.4224,126.4163,37.4346,126.4084,37.4385,126.4014,37.4345,126.3995,37.4449,126.3934,37.4455,126.3832,37.4375,126.365,37.4423,126.3713,37.4473,126.3555,37.4662,126.3593,37.4736,126.3653,37.4751,126.3736,37.4716,126.4189,37.4969,126.4734,37.4993,126.4937,37.5078,126.5007,37.5302,126.5148,37.5343,126.5264,37.5251,126.5633,37.5144
L|126.3407,34.8641,126.3596,34.8586,126.3617,34.8374,126.3421,34.8225,126.3313,34.8258,126.3408,34.8375,126.3382,34.8415,126.3062,34.8559,126.2487,34.8447,126.2368,34.848,126.2307,34.8546,126.2361,34.8598,126.252,34.8607,126.2723,34.8668,126.2801,34.8775,126.2927,34.8807,126.2971,34.8869,126.2976,34.8942,126.2898,34.903,126.2865,34.9129,126.2974,34.9175,126.3325,34.9067,126.3452,34.8962,126.3439,34.8903,126.3352,34.8894,126.32,34.8811,126.3181,34.8765,126.3201,34.8659,126.3407,34.8641
L|128.3858,34.8201,128.4108,34.8265,128.4282,34.8274,128.438,34.8196,128.4406,34.8067,128.4353,34.7987,128.439,34.7939,128.4346,34.7879,128.4246,34.7912,128.4206,34.7892,128.4209,34.7867,128.4373,34.7798,128.4231,34.7633,128.4065,34.7631,128.3954,34.7785,128.387,34.7788,128.389,34.7854,128.3862,34.7919,128.3687,34.7965,128.3783,34.8028,128.3801,34.8104,128.3704,34.8167,128.3524,34.8218,128.3342,34.8191,128.332,34.8257,128.3401,34.833,128.3518,34.8354,128.3858,34.8201
L|126.2342,35.0471,126.2361,35.0519,126.2036,35.0572,126.1748,35.0683,126.1587,35.0942,126.1648,35.1023,126.1775,35.1058,126.1986,35.0971,126.2166,35.1037,126.2228,35.1011,126.2249,35.0967,126.236,35.0984,126.2385,35.0919,126.2316,35.0861,126.2224,35.0856,126.2185,35.0819,126.2185,35.0766,126.2295,35.0673,126.2492,35.0633,126.2632,35.0419,126.265,35.0342,126.2572,35.022,126.2546,35.0251,126.2429,35.0273,126.2341,35.0383,126.2342,35.0471
L|126.0794,34.8227,126.0641,34.8426,126.0671,34.8505,126.0818,34.8566,126.0938,34.8576,126.1033,34.8532,126.1126,34.8534,126.1152,34.8594,126.1133,34.8712,126.1228,34.8788,126.1423,34.8791,126.152,34.8712,126.1531,34.865,126.1397,34.8579,126.1445,34.8424,126.1421,34.8329,126.135,34.8293,126.1252,34.8297,126.1189,34.8238,126.1159,34.8031,126.1052,34.7982,126.0962,34.7988,126.0944,34.8087,126.0794,34.8227
L|127.0916,34.3449,127.0969,34.3378,127.0908,34.3367,127.0724,34.3421,127.0653,34.3398,127.074,34.3342,127.0491,34.3167,127.0388,34.3129,127.0379,34.3217,127.0492,34.3314,127.0456,34.3354,127.0237,34.3392,127.0266,34.3432,127.0243,34.3482,127.0176,34.3515,126.9915,34.3563,127.007,34.3626,127.0262,34.3787,127.0254,34.3813,127.0357,34.3747,127.0459,34.3577,127.0537,34.3548,127.0774,34.3593,127.0916,34.3449
L|126.7639,34.3092,126.7715,34.2919,126.7681,34.2892,126.7417,34.2982,126.7375,34.2976,126.7365,34.2917,126.7317,34.2894,126.689,34.3011,126.6888,34.3076,126.6981,34.3134,126.6956,34.3208,126.6636,34.3234,126.6449,34.3371,126.641,34.3603,126.6458,34.3856,126.6537,34.3952,126.6702,34.4006,126.6878,34.402,126.71,34.3929,126.7219,34.3813,126.7311,34.362,126.7339,34.3462,126.7456,34.3242,126.7639,34.3092
L|126.7625,34.383,126.7532,34.3869,126.7684,34.4114,126.7825,34.4267,126.8023,34.4358,126.823,34.4398,126.8355,34.4381,126.841,34.4255,126.8366,34.4186,126.8535,34.4069,126.8602,34.3989,126.8611,34.3928,126.8538,34.3918,126.8333,34.397,126.8247,34.3952,126.8197,34.3891,126.7933,34.3789,126.784,34.3686,126.7811,34.3579,126.7757,34.3547,126.7692,34.361,126.7673,34.38,126.7625,34.383
L|127.7821,34.6846,127.7925,34.6824,127.8016,34.6705,127.8172,34.6308,127.8151,34.602,127.8079,34.5882,127.7979,34.5797,127.7866,34.579,127.7754,34.584,127.74,34.6137,127.7358,34.6252,127.7419,34.6436,127.765,34.6601,127.7683,34.6661,127.7759,34.6915,127.7608,34.7047,127.7625,34.7128,127.7859,34.7182,127.7966,34.7142,127.7993,34.7048,127.7942,34.6938,127.7821,34.6846
L|128.0728,34.8451,128.0824,34.8356,128.0718,34.8334,128.0265,34.8432,128.0018,34.8367,127.9873,34.8381,127.9724,34.8455,127.9636,34.8598,127.9705,34.8752,127.9928,34.9034,128.002,34.913,128.0178,34.9166,128.023,34.9055,128.0125,34.8783,128.0134,34.8691,128.0187,34.8662,128.0363,34.8923,128.0459,34.8936,128.0488,34.8866,128.0589,34.8804,128.0669,34.8518,128.0728,34.8451
L|126.0072,34.781,126.0076,34.7597,125.9865,34.7665,125.9779,34.7571,125.9517,34.7593,125.9461,34.7567,125.9387,34.7314,125.93,34.7226,125.9181,34.7182,125.9064,34.7193,125.8978,34.726,125.8926,34.7366,125.8909,34.7498,125.8939,34.7623,125.9019,34.7711,125.9129,34.7769,125.9251,34.7808,125.9386,34.7765,125.9959,34.7908,126.0044,34.7872,126.0072,34.781
L|126.1001,34.5967,126.1043,34.5898,126.0994,34.5587,126.0773,34.5422,126.0576,34.5325,126.0352,34.5339,126.0316,34.539,126.0435,34.541,126.0545,34.5489,126.0535,34.5523,126.0313,34.5564,126.0366,34.5617,126.065,34.5638,126.0763,34.571,126.0813,34.5808,126.0664,34.604,126.0601,34.6208,126.0676,34.6255,126.0994,34.6055,126.1001,34.5967
L|126.1741,34.7328,126.1779,34.7134,126.1721,34.7038,126.1594,34.7028,126.1384,34.7235,126.1277,34.7236,126.1188,34.7182,126.1113,34.7177,126.1043,34.722,126.1025,34.7305,126.0934,34.7443,126.0737,34.7614,126.0696,34.7697,126.0872,34.7675,126.1052,34.7716,126.1178,34.77,126.1419,34.7576,126.1636,34.755,126.1738,34.7445,126.1741,34.7328
L|126.6139,37.2552,126.6188,37.242,126.6135,37.2328,126.5625,37.2004,126.5393,37.1981,126.5396,37.2031,126.5505,37.2149,126.5519,37.2217,126.5474,37.2275,126.5604,37.2393,126.5608,37.2513,126.5554,37.2661,126.5408,37.2829,126.543,37.285,126.5594,37.2786,126.5735,37.2885,126.5767,37.2877,126.5737,37.279,126.5779,37.2711,126.6139,37.2552
L|126.1106,35.0512,126.0786,35.0559,126.0691,35.0546,126.056,35.0613,126.0638,35.0931,126.0691,35.1024,126.0989,35.1133,126.1113,35.1333,126.1294,35.1429,126.1499,35.1469,126.1652,35.1435,126.1348,35.129,126.1278,35.1206,126.127,35.1105,126.1314,35.1002,126.1448,35.0825,126.134,35.0788,126.1228,35.0698,126.1106,35.0512
L|126.599,34.1686,126.6077,34.1656,126.616,34.157,126.6135,34.1525,126.6094,34.1557,126.6058,34.1562,126.604,34.1522,126.5912,34.1576,126.5818,34.1574,126.573,34.1477,126.5369,34.1265,126.5178,34.1271,126.5071,34.1389,126.5064,34.154,126.5151,34.1688,126.5329,34.1791,126.5481,34.1791,126.5679,34.1686,126.599,34.1686
L|126.6122,34.2182,126.6162,34.2133,126.617,34.2045,126.6101,34.1997,126.6066,34.1883,126.584,34.1863,126.5889,34.1791,126.5838,34.1756,126.5686,34.179,126.5588,34.1892,126.5498,34.1912,126.5488,34.1946,126.5569,34.211,126.5553,34.2165,126.5622,34.2223,126.5564,34.2321,126.5597,34.2345,126.5962,34.226,126.6122,34.2182
L|126.056,34.9136,126.0603,34.9269,126.0701,34.9289,126.0812,34.9226,126.0891,34.9113,126.0915,34.8969,126.0884,34.883,126.0807,34.871,126.0691,34.8627,126.0547,34.8592,126.0314,34.869,125.9865,34.8627,125.9865,34.869,125.9963,34.876,126.0143,34.8996,126.028,34.9099,126.0523,34.9075,126.056,34.9136
L|126.672,34.1533,126.6795,34.1466,126.6719,34.143,126.6704,34.1269,126.6654,34.1191,126.6555,34.1168,126.6486,34.124,126.6387,34.1281,126.6365,34.1415,126.645,34.1775,126.6365,34.1872,126.6453,34.1972,126.6538,34.1971,126.6707,34.1899,126.6731,34.1801,126.6636,34.1733,126.6619,34.1657,126.672,34.1533
L|126.8539,34.3085,126.8406,34.3034,126.8283,34.3229,126.8206,34.3256,126.7887,34.321,126.759,34.3327,126.7576,34.3361,126.7859,34.3432,126.8029,34.3387,126.8275,34.3516,126.8377,34.3537,126.8508,34.3485,126.8845,34.3455,126.8933,34.3413,126.8831,34.3179,126.8768,34.3122,126.8589,34.3122,126.8539,34.3085
L|127.5319,34.4506,127.5364,34.4348,127.5106,34.4183,127.4946,34.4143,127.4889,34.4169,127.4885,34.4255,127.4671,34.4392,127.4697,34.4432,127.4522,34.453,127.4557,34.4605,127.4534,34.4706,127.4583,34.4729,127.4868,34.4639,127.4871,34.4612,127.5007,34.4696,127.5099,34.47,127.5319,34.4506
L|127.173,34.4837,127.2043,34.4868,127.2206,34.4857,127.2342,34.4803,127.2451,34.4641,127.2419,34.4455,127.2287,34.4302,127.2102,34.424,127.169,34.4177,127.1413,34.4243,127.1174,34.4376,127.1174,34.445,127.1238,34.4552,127.1105,34.4649,127.1403,34.4787,127.173,34.4837
L|125.989,34.7133,126.001,34.7044,126.0054,34.6926,125.999,34.6774,125.9769,34.6564,125.9597,34.6567,125.9596,34.6598,125.9452,34.6668,125.9295,34.6723,125.9251,34.671,125.916,34.6876,125.9229,34.6954,125.9524,34.7051,125.9706,34.7257,125.9767,34.7283,125.989,34.7133
L|126.2581,35.5706,126.2505,35.581,126.2525,35.5873,126.263,35.5918,126.2565,35.596,126.259,35.5984,126.2682,35.6052,126.2778,35.6074,126.2761,35.6129,126.2918,35.611,126.303,35.6193,126.3073,35.6166,126.3094,35.6107,126.3057,35.6032,126.2749,35.579,126.2581,35.5706
L|126.9094,34.1977,126.925,34.1849,126.9224,34.1723,126.9136,34.1577,126.9019,34.1524,126.887,34.1514,126.867,34.1628,126.8604,34.1622,126.8569,34.1572,126.8532,34.159,126.8491,34.1744,126.8608,34.2019,126.8679,34.2075,126.8822,34.2133,126.8993,34.2097,126.9094,34.1977
L|126.2953,37.8025,126.3333,37.8004,126.3425,37.7921,126.3359,37.7744,126.3182,37.7623,126.2962,37.7611,126.2546,37.7682,126.2341,37.7606,126.2245,37.7604,126.2205,37.7713,126.2341,37.8023,126.2464,37.8118,126.2605,37.8148,126.2765,37.8115,126.2953,37.8025
L|124.7327,37.9805,124.7437,37.9697,124.742,37.955,124.7282,37.947,124.7088,37.9563,124.678,37.9525,124.6784,37.942,124.7053,37.9327,124.6849,37.92,124.6441,37.9245,124.6136,37.9451,124.624,37.9805,124.6494,37.9733,124.7049,37.9887,124.7327,37.9805
L|127.783,34.507,127.794,34.4982,127.7918,34.492,127.7712,34.4882,127.7658,34.494,127.7322,34.5085,127.7228,34.5232,127.7075,34.5339,127.7129,34.5424,127.7297,34.5491,127.7481,34.5511,127.7611,34.5431,127.7762,34.5188,127.7749,34.5082,127.783,34.507
L|126.0999,37.228,126.0928,37.2248,126.0886,37.226,126.0887,37.2296,126.0974,37.2594,126.1047,37.2675,126.1128,37.2631,126.1198,37.2536,126.1516,37.2386,126.1592,37.2319,126.1423,37.2154,126.1216,37.2109,126.1117,37.2145,126.1025,37.2287,126.0999,37.228
L|127.3091,34.0201,127.3221,34.0141,127.3235,34.0058,127.2957,34.0141,127.2932,34.0172,127.2876,34.0324,127.2808,34.0378,127.2783,34.0446,127.28,34.0574,127.2957,34.0615,127.2981,34.0572,127.2947,34.0479,127.2964,34.0376,127.3091,34.0201
L|126.0887,34.3079,126.0894,34.2896,126.0846,34.2839,126.0693,34.279,126.0608,34.2861,126.0574,34.286,126.0557,34.281,126.0493,34.2802,126.0287,34.2873,126.0217,34.2956,126.021,34.3011,126.0257,34.3108,126.0332,34.3149,126.0887,34.3079
L|130.9036,37.5458,130.9207,37.5356,130.9194,37.5102,130.9084,37.4819,130.8967,37.4631,130.8777,37.4555,130.8522,37.4595,130.8275,37.4713,130.811,37.487,130.8058,37.5074,130.8143,37.5226,130.8323,37.5321,130.9036,37.5458
L|126.3567,37.6951,126.3788,37.6787,126.3807,37.6692,126.3701,37.6584,126.3499,37.6574,126.282,37.6993,126.2908,37.7056,126.3037,37.7372,126.3142,37.7461,126.32,37.7472,126.3262,37.7425,126.3319,37.7165,126.3567,37.6951
L|125.4458,34.6885,125.4573,34.6909,125.4592,34.6868,125.4274,34.6542,125.4126,34.6323,125.4085,34.6286,125.3988,34.632,125.3923,34.6463,125.3934,34.6597,125.4129,34.692,125.4295,34.6984,125.4373,34.6883,125.4458,34.6885
L|126.1784,35.0485,126.1817,35.0291,126.1724,35.0236,126.154,35.0357,126.1438,35.0339,126.1423,35.0383,126.1322,35.0419,126.1394,35.0465,126.1278,35.0482,126.1296,35.0527,126.1438,35.0577,126.1742,35.0532,126.1784,35.0485
L|126.4841,37.279,126.4944,37.2735,126.4983,37.2614,126.4832,37.2543,126.4782,37.2416,126.4695,37.2335,126.4582,37.2313,126.4357,37.2384,126.4334,37.251,126.4353,37.264,126.4435,37.2731,126.4612,37.2806,126.4841,37.279
L|128.2946,34.6396,128.2971,34.6373,128.2957,34.632,128.2817,34.6199,128.2581,34.6199,128.2363,34.6105,128.2378,34.6258,128.2253,34.6328,128.2288,34.6479,128.2395,34.6524,128.2712,34.6385,128.2713,34.6323,128.2946,34.6396
L|126.1687,34.7923,126.1621,34.7833,126.1642,34.7698,126.1582,34.7645,126.1463,34.7619,126.1216,34.7765,126.0925,34.7876,126.1024,34.7944,126.1273,34.7978,126.1494,34.8081,126.159,34.8046,126.1687,34.7923
L|128.8428,35.0219,128.8384,35.0012,128.8267,34.9924,128.8193,35.0142,128.8091,35.0259,128.8103,35.0329,128.8016,35.0491,128.8044,35.0563,128.815,35.0613,128.8364,35.0598,128.8433,35.0472,128.8428,35.0219
L|128.2399,34.8362,128.2605,34.8146,128.2565,34.8093,128.2407,34.8071,128.2415,34.8,128.2385,34.7969,128.2232,34.8015,128.2122,34.8078,128.2058,34.8156,128.2139,34.8302,128.2273,34.8386,128.2399,34.8362
L|124.7165,37.8469,124.7245,37.8437,124.7258,37.8374,124.7142,37.8096,124.6924,37.805,124.6846,37.8,124.6847,37.8039,124.6735,37.817,124.6765,37.8249,124.7092,37.8476,124.7165,37.8469
L|125.1277,34.0486,125.0921,34.0718,125.0897,34.0795,125.0946,34.0901,125.1022,34.0959,125.1133,34.0928,125.1221,34.0838,125.1364,34.0593,125.1374,34.0513,125.1343,34.0469,125.1277,34.0486
L|126.0381,34.5695,126.0286,34.5659,126.0205,34.5714,126.0166,34.6061,126.0202,34.6254,126.0286,34.6342,126.0604,34.5843,126.0576,34.5726,126.0381,34.5695
L|126.2464,34.9162,126.2254,34.9134,126.2204,34.9224,126.2224,34.932,126.2302,34.9355,126.2532,34.9335,126.2502,34.9188,126.2464,34.9162
L|125.6882,37.6793,125.6992,37.6781,125.7062,37.6723,125.7031,37.6614,125.6878,37.6518,125.6792,37.6697,125.6804,37.6783,125.6882,37.6793
U|125.7503,38.9457,125.7392,38.9497,125.7169,38.979,125.6613,39.0012,125.6629,39.0188,125.6946,39.0457,125.6946,39.0569,125.7594,39.1097,125.7792,39.1167,125.8059,39.1124,125.8096,39.0731,125.8503,39.0569,125.8392,39.0235,125.7691,38.9761,125.7503,38.9457
U|128.3048,38.523,128.286,38.5264,128.2741,38.5367,128.2721,38.557,128.3235,38.5417,128.3277,38.5236,128.3048,38.523
U|127.1301,38.3312,127.1596,38.3228,127.1834,38.3237,127.1824,38.2945,127.1639,38.2805,127.1384,38.2798,127.1167,38.2903,127.1167,38.3237,127.1301,38.3312
U|128.0927,38.2949,128.0782,38.3046,128.0829,38.3211,128.1166,38.3347,128.1166,38.3014,128.0927,38.2949
U|127.95,38.3347,127.9247,38.3219,127.9165,38.3236,127.9165,38.3346,127.865,38.3251,127.85,38.3347,127.8659,38.3536,127.95,38.3347
U|127.2678,38.3003,127.25,38.3014,127.2492,38.3174,127.2669,38.3327,127.2779,38.3579,127.2893,38.3544,127.3003,38.3383,127.3056,38.3125,127.2678,38.3003
U|126.9613,38.0942,126.9486,38.0956,126.9395,38.1112,126.939,38.146,126.9628,38.1454,126.9782,38.1363,126.9822,38.1209,126.9723,38.1014,126.9613,38.0942
U|127.2376,38.2167,127.2389,38.1792,127.2158,38.1903,127.1941,38.1852,127.2121,38.1694,127.2167,38.157,127.2046,38.151,127.2056,38.1459,127.1898,38.1551,127.1809,38.1729,127.1834,38.2126,127.215,38.2239,127.2167,38.2348,127.2307,38.2293,127.2376,38.2167
U|128.5246,38.2514,128.54,38.248,128.5715,38.2708,128.6316,38.145,128.6564,38.1161,128.6387,38.0459,128.6053,38.057,128.6164,38.0903,128.5942,38.1125,128.5942,38.157,128.5498,38.157,128.5387,38.1792,128.5164,38.1792,128.5164,38.1902,128.461,38.1792,128.461,38.1903,128.4391,38.2102,128.4387,38.2237,128.4698,38.2041,128.4831,38.2126,128.4743,38.2544,128.4831,38.2682,128.4983,38.2734,128.5246,38.2514
U|128.4055,38.2458,128.3942,38.2681,128.3506,38.2713,128.3387,38.2792,128.3585,38.3,128.3909,38.3013,128.4195,38.286,128.4277,38.257,128.4055,38.2458
U|128.1721,38.0459,128.1892,38.0912,128.2066,38.1001,128.2277,38.0904,128.2068,38.0612,128.1924,38.0504,128.1721,38.0459
U|127.7206,38.0919,127.6721,38.0903,127.6731,38.1195,127.6917,38.1334,127.7172,38.1342,127.7388,38.1237,127.736,38.1016,127.7206,38.0919
U|127.9833,38.0903,127.9725,38.1181,127.9833,38.146,128.0277,38.1348,128.0156,38.1024,127.9833,38.0903
U|127.8022,37.944,127.8056,37.8793,127.8165,37.8682,127.8041,37.8464,127.7827,37.8313,127.7167,37.8126,127.6945,37.846,127.6833,37.8903,127.6575,37.8885,127.6251,37.8688,127.6055,37.8792,127.6166,37.9126,127.65,37.9016,127.6738,37.9207,127.6945,37.9238,127.7167,37.9571,127.7609,37.9682,127.7873,37.9617,127.8022,37.944
U|127.3389,37.8015,127.3322,37.8174,127.3364,37.8362,127.3502,37.8515,127.3723,37.857,127.3694,37.8154,127.3591,37.8035,127.3389,37.8015
U|127.4833,37.7792,127.4915,37.8472,127.5246,37.8659,127.5612,37.8682,127.5722,37.8237,127.4833,37.7792
U|128.9897,37.7393,128.9859,37.7244,128.9793,37.7225,128.9498,37.7348,128.9257,37.717,128.8498,37.7015,128.8511,37.7107,128.8387,37.7237,128.8387,37.7459,128.8273,37.7604,128.8328,37.7912,128.8205,37.8184,128.8274,37.846,128.8236,37.8533,128.7942,37.8569,128.7718,37.8682,128.7744,37.8837,128.8166,37.9248,128.9238,37.8023,128.9897,37.7393
U|127.6847,37.6178,127.6166,37.6237,127.6208,37.6757,127.654,37.698,127.7021,37.6998,127.75,37.6905,127.7481,37.6756,127.7055,37.646,127.7055,37.6237,127.6847,37.6178
U|127.9055,37.7238,127.9232,37.7226,127.9523,37.7352,127.9722,37.7349,127.9656,37.708,127.9535,37.6971,127.9276,37.6904,127.9276,37.6793,127.8981,37.6619,127.8734,37.6544,127.85,37.657,127.8388,37.6793,127.8064,37.6973,127.8055,37.7126,127.8375,37.7132,127.866,37.7269,127.8833,37.746,127.8915,37.7437,127.9055,37.7238
U|128.3791,37.5835,128.3388,37.5237,128.3256,37.5245,128.3054,37.5459,128.2937,37.5319,128.3071,37.4926,128.3054,37.4682,128.2942,37.4619,128.2532,37.4626,128.2165,37.446,128.2054,37.4682,128.172,37.4793,128.1901,37.5036,128.2057,37.5414,128.22,37.5529,128.2409,37.5555,128.2722,37.546,128.2796,37.5559,128.2605,37.5893,128.2609,37.6127,128.2896,37.6145,128.2942,37.6238,128.3166,37.6349,128.3166,37.6238,128.3675,37.6217,128.3832,37.6127,128.3791,37.5835
U|129.1087,37.5974,129.1482,37.5051,129.1612,37.4876,129.19,37.4694,129.211,37.4365,129.2055,37.4247,129.1836,37.4104,129.1631,37.4144,129.1274,37.446,129.1164,37.446,129.1051,37.4682,129.088,37.4703,129.0642,37.4604,129.0497,37.4682,129.0608,37.4904,129.089,37.5222,129.0941,37.557,129.0719,37.557,129.0719,37.5903,129.0275,37.5792,129.0094,37.6215,129.0221,37.6356,129.0671,37.6408,129.0733,37.613,129.1087,37.5974
U|128.7382,37.6315,128.6942,37.6237,128.6942,37.6126,128.6629,37.6133,128.6386,37.6237,128.6633,37.6394,128.6942,37.646,128.7053,37.6571,128.7387,37.646,128.7382,37.6315
U|128.5435,37.6393,128.5275,37.646,128.5461,37.672,128.5831,37.6794,128.5775,37.6572,128.5622,37.6434,128.5435,37.6393
U|128.4047,37.3686,128.372,37.3793,128.3792,37.3952,128.395,37.4012,128.4277,37.3905,128.4204,37.3746,128.4047,37.3686
U|128.6831,37.3571,128.6437,37.3642,128.6366,37.3754,128.6386,37.3905,128.6795,37.4015,128.6831,37.4127,128.6951,37.4038,128.6954,37.3863,128.6831,37.3571
U|128.4795,37.1952,128.4832,37.1905,128.4981,37.1963,128.5065,37.2181,128.5276,37.2239,128.5236,37.1784,128.4785,37.1525,128.4274,37.1595,128.4054,37.2127,128.453,37.2309,128.4721,37.2238,128.4795,37.1952
U|128.8847,37.2413,128.893,37.2258,128.8943,37.2016,128.8772,37.196,128.8503,37.1959,128.8288,37.2069,128.8274,37.2349,128.7846,37.227,128.7718,37.2349,128.7778,37.2434,128.8164,37.2461,128.8438,37.2643,128.8847,37.2413
U|129.0831,37.2682,129.0831,37.2127,129.0497,37.2016,129.0329,37.2024,129.0346,37.2144,129.0275,37.2238,129.0177,37.2195,129.0139,37.2043,129.0168,37.1877,129.0346,37.1765,129.0387,37.1572,129.072,37.1461,129.0751,37.1275,129.0609,37.0794,129.0355,37.0817,129.0053,37.1016,128.9831,37.1016,128.9386,37.1683,128.9443,37.1907,128.9514,37.1983,128.972,37.2016,128.979,37.2404,129.0578,37.266,129.0831,37.2682
U|127.6833,37.3238,127.6946,37.3238,127.6833,37.3016,127.6833,37.2793,127.6522,37.2428,127.6388,37.246,127.6388,37.2571,127.6195,37.2615,127.6009,37.2981,127.6016,37.3168,127.6166,37.3238,127.65,37.3238,127.661,37.3572,127.6747,37.3487,127.6833,37.3238
U|129.4134,37.0441,129.394,37.046,129.3496,37.0682,129.348,37.0767,129.3608,37.1016,129.3424,37.1227,129.3379,37.1418,129.3442,37.1613,129.3598,37.1731,129.3789,37.1301,129.4302,37.0731,129.4341,37.0611,129.4282,37.0495,129.4134,37.0441
U|126.8586,36.9596,126.8379,36.9759,126.8244,37.0026,126.8676,37.0064,126.8703,36.9909,126.8586,36.9596
U|127.4414,36.8458,127.4303,36.8516,127.4286,36.8703,127.4054,36.8905,127.4167,36.9128,127.4167,36.9572,127.4278,36.9683,127.4216,36.9972,127.4119,37.0097,127.3945,37.0128,127.4079,37.0276,127.4782,37.0486,127.4914,37.0633,127.5144,37.0654,127.5278,37.0572,127.53,37.0414,127.4945,37.0239,127.4935,37.0177,127.5057,37.0128,127.5051,37.0061,127.4945,37.0016,127.4945,36.9683,127.4501,36.9571,127.4279,36.9238,127.426,36.9116,127.4501,36.9017,127.4574,36.8613,127.4723,36.8573,127.4643,36.8485,127.4414,36.8458
U|128.0216,37.0373,128.0231,36.9896,128.0166,36.9683,127.9796,36.9812,127.9693,36.9484,127.9276,36.9349,127.9165,36.9238,127.899,36.9278,127.8731,36.9453,127.85,36.9461,127.8683,37.0014,127.861,37.035,127.8763,37.0471,127.8974,37.0564,127.9143,37.0522,127.9165,37.024,127.9458,37.028,127.9653,37.0418,127.9943,37.0795,128.0277,37.0572,128.0216,37.0373
U|126.786,37.0812,126.8348,37.0602,126.8518,37.0384,126.8397,37.0449,126.8013,37.0377,126.7552,37.0488,126.761,37.0615,126.786,37.0812
U|126.4497,36.9914,126.428,36.9794,126.4044,36.9545,126.3945,36.9571,126.3945,36.9683,126.3692,36.9577,126.354,36.9666,126.3699,36.9594,126.3765,36.9749,126.3694,36.9841,126.3357,36.9868,126.3638,37.0015,126.3914,36.9898,126.3909,37.0079,126.4277,37.0084,126.4454,37.0034,126.4497,36.9914
U|127.59,36.9783,127.5721,36.9794,127.5751,36.9987,127.6071,37.0113,127.6166,37.024,127.6236,37.0198,127.6277,36.9905,127.59,36.9783
U|129.4115,36.984,129.3586,37.0038,129.3496,37.024,129.4128,37.0214,129.4201,36.9846,129.4115,36.984
U|127.3625,37.0051,127.3434,37.0044,127.3278,37.0128,127.3487,37.0307,127.3834,37.035,127.378,37.0151,127.3625,37.0051
U|128.7863,36.9242,128.761,36.9128,128.7672,36.8887,128.761,36.8794,128.7523,36.8778,128.7275,36.8905,128.6942,36.8572,128.6721,36.8572,128.6721,36.8016,128.6609,36.8016,128.6609,36.7905,128.6329,36.7767,128.6276,36.7683,128.6164,36.7715,128.6053,36.8016,128.5831,36.8016,128.5831,36.824,128.6275,36.835,128.6145,36.8695,128.6164,36.8795,128.6257,36.8853,128.6608,36.8906,128.672,36.9017,128.6942,36.9017,128.7053,36.9239,128.7275,36.9239,128.7573,36.9446,128.7943,36.9461,128.7964,36.9303,128.7863,36.9242
U|127.7304,36.9838,127.7387,36.9738,127.7388,36.9571,127.6993,36.9546,127.688,36.9372,127.6731,36.9309,127.6388,36.9349,127.6418,36.9558,127.6559,36.9661,127.7054,36.9795,127.7054,36.9906,127.7304,36.9838
U|126.7034,36.9825,126.7196,36.958,126.7101,36.958,126.6946,36.9794,126.6849,36.9762,126.6926,36.9948,126.6993,36.9946,126.7034,36.9825
U|126.9133,36.8743,126.9088,36.8593,126.8839,36.8408,126.8602,36.8696,126.9115,36.8833,126.9133,36.8743
U|128.0434,36.8522,128.0388,36.8461,128.0166,36.8461,128.0166,36.835,127.9753,36.8225,127.961,36.8239,127.961,36.835,127.9275,36.8461,127.9331,36.8687,127.961,36.9017,127.9861,36.906,128.0105,36.9017,128.0499,36.8795,128.0434,36.8522
U|126.833,36.8536,126.8035,36.8725,126.8024,36.8851,126.8306,36.9085,126.8365,36.8669,126.833,36.8536
U|126.2827,36.8037,126.2913,36.7893,126.3153,36.8043,126.3279,36.8046,126.3567,36.7888,126.3511,36.7985,126.3649,36.7906,126.3391,36.7683,126.3391,36.7461,126.3281,36.7461,126.3169,36.7239,126.2963,36.7198,126.2947,36.7128,126.2846,36.7195,126.2725,36.7572,126.247,36.7243,126.2279,36.7239,126.239,36.7461,126.2279,36.7906,126.239,36.8017,126.2626,36.7956,126.2773,36.8164,126.2911,36.8202,126.2817,36.8123,126.2827,36.8037
U|127.8276,36.8016,127.8041,36.803,127.7871,36.8111,127.7765,36.8256,127.7721,36.8462,127.79,36.8526,127.8103,36.8467,127.8252,36.8294,127.8276,36.8016
U|126.4692,36.854,126.4839,36.8415,126.4885,36.8547,126.5391,36.8462,126.5365,36.835,126.5058,36.8239,126.5058,36.8016,126.4947,36.7905,126.4835,36.7572,126.4057,36.7572,126.4005,36.7896,126.3921,36.8037,126.3835,36.7905,126.3759,36.7964,126.3835,36.824,126.4057,36.8239,126.4057,36.8351,126.4168,36.8351,126.4168,36.8462,126.4391,36.8462,126.4501,36.8573,126.4681,36.8585,126.4692,36.854
U|126.6612,36.6794,126.6417,36.6928,126.6411,36.7145,126.6613,36.7573,126.6807,36.7439,126.6814,36.7222,126.6612,36.6794
U|128.4721,36.6906,128.4721,36.635,128.4491,36.6454,128.4165,36.6461,128.4171,36.6594,128.4339,36.6704,128.4426,36.6866,128.4721,36.6906
U|129.1735,36.6757,129.1719,36.6683,129.1498,36.6683,129.1498,36.6572,129.1274,36.6461,129.1139,36.6528,129.0941,36.6906,129.1003,36.6985,129.1385,36.7017,129.1498,36.7128,129.1719,36.7017,129.1735,36.6757
U|127.5841,36.6699,127.5722,36.6461,127.5722,36.5905,127.55,36.5905,127.539,36.5573,127.5258,36.5535,127.5056,36.5905,127.4723,36.5795,127.4723,36.5683,127.4278,36.6017,127.3999,36.6041,127.3613,36.5966,127.3337,36.5572,127.313,36.556,127.2944,36.5905,127.2723,36.5905,127.2611,36.6017,127.2277,36.6128,127.2433,36.6426,127.2611,36.6573,127.2723,36.6573,127.2723,36.6684,127.3153,36.6527,127.3278,36.6573,127.3278,36.6684,127.3388,36.6684,127.359,36.6958,127.3722,36.7017,127.3976,36.6965,127.4292,36.6671,127.4501,36.6573,127.4545,36.681,127.4654,36.6862,127.4944,36.6685,127.4948,36.6854,127.4718,36.6957,127.4722,36.7128,127.4951,36.7234,127.5181,36.7183,127.5834,36.6795,127.5841,36.6699
U|126.8278,36.6572,126.8175,36.6802,126.8168,36.7128,126.928,36.7351,126.9272,36.7158,126.8929,36.7042,126.8683,36.6668,126.8278,36.6572
U|129.4739,36.7306,129.4635,36.6925,129.4468,36.6667,129.4164,36.7017,129.4274,36.7351,129.473,36.7446,129.4739,36.7306
U|129.372,36.7572,129.372,36.7351,129.3831,36.7351,129.3831,36.7239,129.4047,36.704,129.4053,36.6905,129.3595,36.7116,129.3418,36.7272,129.3385,36.7573,129.372,36.7572
U|126.9868,36.5587,126.9624,36.5573,126.9429,36.5669,126.9389,36.5906,126.9578,36.6003,126.9821,36.6017,127.0016,36.592,127.0057,36.5683,126.9868,36.5587
U|126.6788,36.6255,126.6724,36.6239,126.6922,36.5967,126.6947,36.5795,126.6408,36.5654,126.6168,36.5683,126.6168,36.5905,126.6057,36.5905,126.6057,36.6128,126.5835,36.6017,126.5723,36.6128,126.5945,36.6462,126.6026,36.6444,126.6168,36.624,126.6315,36.625,126.654,36.6429,126.6723,36.6462,126.6711,36.6403,126.6834,36.6351,126.6788,36.6255
U|128.2157,36.5672,128.1832,36.5683,128.1865,36.5859,128.2165,36.624,128.2276,36.6573,128.2394,36.6587,128.2482,36.6481,128.2499,36.6239,128.2388,36.6239,128.2311,36.5773,128.2157,36.5672
U|126.7981,36.5025,126.8278,36.4907,126.8671,36.4886,126.873,36.466,126.8247,36.4381,126.8057,36.435,126.8056,36.4462,126.7723,36.4572,126.7834,36.5018,126.7981,36.5025
U|127.1167,36.5128,127.1501,36.5128,127.1501,36.4907,127.1843,36.4981,127.1945,36.4906,127.1849,36.4586,127.1675,36.4343,127.1413,36.4187,127.1055,36.4128,127.1055,36.4351,127.0944,36.4462,127.0952,36.4555,127.1055,36.4795,127.1166,36.4795,127.0975,36.5112,127.1117,36.5251,127.1167,36.5128
U|128.7144,36.3322,128.6721,36.335,128.6601,36.3409,128.6386,36.3685,128.6593,36.3872,128.6895,36.3959,128.7498,36.3907,128.7566,36.3652,128.7436,36.3441,128.7144,36.3322
U|128.2847,36.4226,128.268,36.4255,128.259,36.436,128.2609,36.4573,128.2924,36.4499,128.303,36.4409,128.3054,36.4239,128.2847,36.4226
U|128.1433,36.3552,128.1387,36.3825,128.1106,36.3977,128.1081,36.4137,128.1276,36.4573,128.1487,36.463,128.1708,36.4332,128.2055,36.4129,128.2024,36.4015,128.1721,36.3906,128.1698,36.3599,128.1433,36.3552
U|129.3941,36.3795,129.3831,36.383,129.3719,36.4128,129.3492,36.433,129.3496,36.4462,129.3785,36.4663,129.394,36.4685,129.39,36.4259,129.3941,36.3795
U|126.9023,36.3446,126.9168,36.3241,126.969,36.3308,126.9931,36.3267,127.0057,36.3017,126.9607,36.2939,126.9073,36.2512,126.8722,36.2684,126.8742,36.2917,126.8945,36.3463,126.9023,36.3446
U|128.1055,36.1463,128.1387,36.1574,128.161,36.1463,128.1603,36.1136,128.1498,36.0906,128.11,36.0952,128.0584,36.1325,128.0166,36.1351,128.0204,36.1582,128.0372,36.167,128.0721,36.1685,128.1022,36.1794,128.1166,36.1796,128.1055,36.1463
U|127.0056,36.1907,127.0168,36.1908,127.0279,36.1685,127.0612,36.1796,127.097,36.2069,127.1135,36.2068,127.1279,36.1907,127.1245,36.1729,127.1136,36.166,127.0657,36.1465,127.0612,36.1462,127.0612,36.1573,127.0072,36.134,126.9834,36.1351,126.9728,36.1506,126.9834,36.1684,126.963,36.1975,126.9611,36.2129,126.9903,36.2098,127.0056,36.1907
U|127.7832,36.224,127.7939,36.2185,127.8389,36.224,127.8406,36.209,127.85,36.2018,127.8334,36.1802,127.8276,36.1795,127.8276,36.1906,127.8056,36.1795,127.8056,36.1573,127.7832,36.1573,127.7609,36.1462,127.7609,36.1573,127.7387,36.1573,127.7387,36.1684,127.7167,36.1795,127.7188,36.1916,127.7419,36.2015,127.7499,36.2129,127.7435,36.232,127.7484,36.2379,127.7722,36.2351,127.7832,36.224
U|127.1511,36.1298,127.1501,36.1018,127.1718,36.0815,127.1723,36.0685,127.1109,36.071,127.1056,36.0462,127.0867,36.0588,127.0814,36.0767,127.0944,36.1129,127.1055,36.1129,127.1176,36.1313,127.1306,36.1387,127.1501,36.1352,127.1511,36.1298
U|129.5716,35.9971,129.5597,35.978,129.5309,36.0065,129.5283,36.0225,129.5833,36.0322,129.5873,36.0169,129.5716,35.9971
U|127.7278,36.0351,127.717,36.0037,127.6809,35.9888,127.6432,35.9943,127.6276,36.024,127.6538,36.0307,127.7004,36.0273,127.7278,36.0351
U|127.1467,36.0318,127.1573,35.9979,127.1723,35.9908,127.1885,35.9992,127.1874,36.0214,127.1944,36.0351,127.2553,36.0121,127.2723,36.0241,127.2813,36.0218,127.2787,35.9973,127.2526,35.9974,127.2389,35.9907,127.2389,35.9462,127.2056,35.9351,127.2278,35.8908,127.285,35.9133,127.3056,35.9019,127.3028,35.8907,127.2724,35.8796,127.2724,35.8573,127.2389,35.8352,127.2278,35.7907,127.2167,35.7907,127.2056,35.7685,127.1723,35.7685,127.1612,35.7573,127.1517,35.7583,127.1278,35.7685,127.1278,35.7795,127.1167,35.7685,127.0945,35.7685,127.0834,35.7573,127.0613,35.7573,127.0229,35.7298,127.0056,35.7351,127.0031,35.7547,127.0219,35.7773,127.0324,35.8035,127.0571,35.8106,127.0722,35.8019,127.0789,35.8136,127.062,35.8549,127.0612,35.8796,127.0212,35.8718,126.982,35.8893,126.9389,35.8907,126.9389,35.9351,126.9611,35.9685,126.9699,35.9699,126.9945,35.9574,127.0252,35.9699,127.039,35.9685,127.0356,35.9468,126.9946,35.9129,127.0087,35.8935,127.0273,35.8878,127.0462,35.8919,127.0612,35.9019,127.0612,35.9129,127.0722,35.9129,127.0842,35.9306,127.0957,35.9363,127.1166,35.9352,127.1055,35.9685,127.0501,35.9795,127.0389,36.0129,127.0168,36.0129,127.0168,36.0351,127.0353,36.0443,127.0707,36.045,127.0945,36.0351,127.0945,36.0241,127.1072,36.0292,127.123,36.0472,127.139,36.0463,127.1467,36.0318
U|127.1723,35.9018,127.1605,35.872,127.1612,35.8574,127.1804,35.86,127.2055,35.8353,127.2114,35.8522,127.2084,35.8754,127.1955,35.895,127.1723,35.9018
U|126.8391,35.9129,126.846,35.8963,126.8297,35.8714,126.8041,35.8535,126.7834,35.8573,126.7835,35.8621,126.8062,35.8667,126.8193,35.8881,126.8375,35.8933,126.8262,35.9049,126.8346,35.903,126.8391,35.9129
U|127.8038,35.9648,127.8205,35.9528,127.8318,35.9265,127.8471,35.9091,127.85,35.8907,127.8276,35.8907,127.8165,35.8796,127.7722,35.8796,127.761,35.8685,127.7502,35.8716,127.7277,35.9018,127.7082,35.8946,127.6916,35.8662,127.661,35.8685,127.6505,35.884,127.6537,35.8943,127.6721,35.9019,127.6833,35.9352,127.7054,35.9352,127.7054,35.9463,127.7277,35.9463,127.7387,35.9574,127.7609,35.9574,127.7609,35.9685,127.8038,35.9648
U|128.3514,35.9252,128.3276,35.924,128.3387,35.9462,128.3166,35.9684,128.3239,35.9841,128.3348,35.9855,128.3832,35.9685,128.3514,35.9252
U|126.8057,35.7685,126.7964,35.7423,126.7605,35.7069,126.7528,35.7041,126.7391,35.7129,126.7423,35.743,126.7722,35.7463,126.7646,35.7609,126.7404,35.7767,126.7713,35.7752,126.782,35.7602,126.7909,35.7907,126.8057,35.7685
U|128.3389,35.7657,128.3167,35.7241,128.3378,35.7036,128.3388,35.6907,128.3308,35.684,128.2943,35.6796,128.2388,35.6463,128.224,35.6486,128.2054,35.6685,128.1813,35.662,128.172,35.6685,128.1832,35.6907,128.1585,35.7234,128.1609,35.7352,128.1832,35.7352,128.1944,35.7241,128.2226,35.734,128.2277,35.7241,128.2347,35.7282,128.2498,35.7908,128.2678,35.7892,128.2801,35.7626,128.2942,35.7574,128.3013,35.7689,128.2746,35.794,128.2831,35.813,128.2914,35.8106,128.3054,35.7908,128.3388,35.7796,128.3389,35.7657
U|127.4512,35.7841,127.4456,35.7784,127.4278,35.7796,127.4285,35.8123,127.4388,35.8352,127.4723,35.8241,127.4735,35.8116,127.4501,35.8018,127.4512,35.7841
U|126.9057,35.7796,126.8919,35.788,126.8786,35.8144,126.8945,35.8463,126.9113,35.8378,126.9172,35.8182,126.9057,35.7796
U|126.9279,35.6351,126.909,35.6413,126.8945,35.7019,126.928,35.7019,126.9204,35.6685,126.9279,35.6351
U|127.9245,35.7532,127.9952,35.7348,128.0388,35.7352,128.0426,35.7163,127.9944,35.7129,127.9944,35.7018,127.9705,35.7142,127.9611,35.7129,127.9412,35.6938,127.9276,35.6574,127.9063,35.6651,127.8877,35.6631,127.8388,35.6463,127.8731,35.6881,127.8952,35.6966,127.9275,35.6908,127.9243,35.7096,127.8958,35.7255,127.8943,35.7463,127.9245,35.7532
U|129.4547,35.7361,129.4578,35.7333,129.4603,35.7457,129.4977,35.7479,129.4678,35.6778,129.4512,35.6949,129.4201,35.7054,129.4126,35.715,129.4164,35.7352,129.4351,35.7525,129.4452,35.7512,129.4547,35.7361
U|129.1859,35.5711,129.1942,35.5685,129.1826,35.5486,129.1489,35.5293,129.1386,35.4796,129.1111,35.4598,129.1052,35.4463,129.0992,35.4453,129.0941,35.4574,129.0719,35.4574,129.0665,35.4806,129.0719,35.5686,129.1385,35.5908,129.1164,35.6186,129.1164,35.6352,129.1498,35.6352,129.1504,35.6138,129.1734,35.5924,129.1859,35.5711
U|126.8936,35.587,126.9057,35.5797,126.9125,35.5868,126.9168,35.6241,126.9277,35.6145,126.9291,35.5901,126.9168,35.5463,126.8939,35.5308,126.8396,35.5211,126.8112,35.5299,126.7946,35.5796,126.7723,35.5796,126.7714,35.5968,126.7946,35.6463,126.8105,35.6471,126.8258,35.6295,126.8477,35.6196,126.8391,35.5908,126.8936,35.587
U|127.5394,35.6777,127.55,35.6463,127.4876,35.6589,127.4611,35.6574,127.4822,35.6792,127.5126,35.6874,127.5394,35.6777
U|128.8164,35.6685,128.8053,35.6351,128.7719,35.6351,128.7609,35.624,128.7223,35.6408,128.7099,35.6609,128.7053,35.6908,128.7251,35.6883,128.7461,35.6649,128.7609,35.6575,128.7687,35.6635,128.7718,35.7019,128.7839,35.7005,128.8022,35.6892,128.8074,35.674,128.8164,35.6685
U|127.7531,35.5127,127.7277,35.513,127.7279,35.5428,127.7361,35.5671,127.7511,35.5782,127.7722,35.5686,127.7531,35.5127
U|127.3388,35.5587,127.321,35.5667,127.3168,35.5909,127.3612,35.5909,127.3567,35.5667,127.3388,35.5587
U|128.1638,35.5825,128.1672,35.5783,128.1787,35.5861,128.2022,35.5703,128.2221,35.5798,128.2277,35.5685,128.2068,35.5463,128.1886,35.5392,128.172,35.5463,128.172,35.5574,128.1498,35.5574,128.1498,35.5685,128.1165,35.5574,128.1203,35.5793,128.1323,35.5904,128.1609,35.5909,128.1638,35.5825
U|127.3767,35.4717,127.4411,35.4619,127.4723,35.4686,127.4701,35.4431,127.4389,35.3908,127.4055,35.3908,127.3998,35.382,127.3855,35.3798,127.3611,35.3908,127.35,35.413,127.3436,35.4131,127.3279,35.3908,127.3055,35.4019,127.35,35.4686,127.3767,35.4717
U|126.4775,35.4372,126.4835,35.4353,126.4793,35.427,126.4613,35.413,126.4613,35.3908,126.4501,35.3908,126.4518,35.3758,126.4613,35.3686,126.45,35.3584,126.4182,35.394,126.4255,35.4177,126.4565,35.4732,126.4798,35.4664,126.4724,35.4464,126.4775,35.4372
U|126.7114,35.5146,126.6946,35.5241,126.7011,35.5428,126.7147,35.5547,126.7323,35.5569,126.75,35.5464,126.7276,35.518,126.7114,35.5146
U|127.5053,35.3414,127.5166,35.313,127.4933,35.3143,127.4604,35.3026,127.4388,35.3019,127.4542,35.3242,127.4803,35.3413,127.5053,35.3414
U|127.2278,35.3353,127.3056,35.3353,127.3056,35.3242,127.3374,35.2969,127.3389,35.2797,127.317,35.2793,127.3055,35.2685,127.2785,35.3109,127.2318,35.314,127.2278,35.2908,127.1944,35.3019,127.1344,35.2733,127.1167,35.2797,127.1872,35.3426,127.2055,35.3686,127.2161,35.3671,127.2278,35.3353
U|126.8354,35.3654,126.8391,35.3574,126.8279,35.3464,126.8378,35.3412,126.8379,35.3255,126.8222,35.3022,126.8168,35.2574,126.7834,35.2353,126.7787,35.1994,126.7724,35.1909,126.7845,35.1888,126.7946,35.2131,126.8168,35.2131,126.8278,35.2242,126.9279,35.2353,126.9389,35.2464,126.9739,35.2517,126.9834,35.2575,126.9945,35.2797,127.0153,35.2693,127.0283,35.2504,127.0329,35.2267,127.0279,35.2019,126.9987,35.2393,126.9834,35.2463,126.9809,35.2272,127.0057,35.202,127.0081,35.1658,127.0057,35.1575,126.9723,35.1464,126.9682,35.102,126.9773,35.0822,126.9945,35.0687,127.0024,35.0747,127.0056,35.1131,127.0294,35.0984,127.032,35.0469,127.0501,35.0242,127.0479,35.0178,127.0279,35.0131,127.0227,35.0015,127.0168,35.002,127.0056,35.0353,126.9611,35.0353,126.9611,35.0686,126.9389,35.0686,126.9389,35.0797,126.9188,35.0839,126.9168,35.0908,126.9003,35.0823,126.8835,35.0241,126.8514,35.0226,126.7663,35.0357,126.7394,34.995,126.6946,34.9797,126.6946,34.9908,126.6703,34.9978,126.6614,35.0065,126.6612,35.0242,126.6855,35.0222,126.7009,35.0289,126.7077,35.0444,126.7056,35.0687,126.7723,35.0464,126.777,35.0514,126.7707,35.1071,126.7611,35.1241,126.7391,35.1241,126.7279,35.1575,126.7112,35.1566,126.6913,35.1378,126.6722,35.1353,126.679,35.1508,126.7179,35.182,126.7324,35.2135,126.7611,35.2242,126.7611,35.2686,126.7833,35.2686,126.7786,35.2812,126.7391,35.3019,126.7487,35.3312,126.7989,35.3587,126.8168,35.3797,126.8354,35.3654
U|126.8101,35.0815,126.8057,35.0576,126.8501,35.0576,126.8456,35.0815,126.8278,35.0896,126.8101,35.0815
U|126.9897,35.3247,127.0251,35.3337,127.039,35.3242,127.0292,35.2961,127.0067,35.2951,126.9501,35.313,126.928,35.2797,126.8611,35.2686,126.882,35.2977,126.9056,35.302,126.9722,35.3797,126.9869,35.3736,126.993,35.3618,126.9834,35.3353,126.9897,35.3247
U|127.1501,35.3463,127.1263,35.3504,127.1173,35.3692,127.1167,35.4242,127.1809,35.4312,127.205,35.42,127.2167,35.3908,127.1688,35.3789,127.1593,35.3535,127.1501,35.3463
U|128.1122,35.2488,128.1388,35.2464,128.1498,35.2242,128.1943,35.2464,128.2165,35.2353,128.2055,35.2241,128.2167,35.194,128.2165,35.1797,128.2055,35.1686,128.2055,35.1464,128.161,35.1575,128.1388,35.1353,128.1455,35.1253,128.1832,35.1131,128.1843,35.107,128.1721,35.1019,128.1721,35.0797,128.1306,35.0737,128.0839,35.0463,128.0722,35.0463,128.0696,35.0332,128.0944,34.9909,128.0944,34.9687,128.1055,34.9687,128.1166,34.9465,128.1374,34.9693,128.1498,34.9687,128.1426,34.892,128.1211,34.9003,128.1177,34.9242,128.064,34.9279,128.051,34.9396,128.0557,34.9617,128.054,35.0358,128.0693,35.0825,128.0286,35.0389,127.9999,35.0483,127.961,35.0463,127.9676,35.0686,127.95,35.1242,127.9832,35.1132,127.9743,35.1347,127.94,35.1615,127.9388,35.1909,127.9525,35.1851,127.9722,35.1464,128.0055,35.1464,128.0055,35.1242,128.0263,35.1074,128.0609,35.102,128.0615,35.1153,128.0387,35.1353,128.0387,35.1686,127.9967,35.2044,127.9943,35.2242,128.047,35.2268,128.0845,35.2588,128.1055,35.2575,128.1122,35.2488
U|127.9933,35.0621,128.0276,35.0576,128.0262,35.0755,128.0176,35.0863,127.9833,35.0908,127.9846,35.0729,127.9933,35.0621
U|126.5612,35.2241,126.5324,35.2376,126.5055,35.2668,126.5057,35.2797,126.532,35.2783,126.5476,35.266,126.5612,35.2241
U|127.5611,35.2241,127.5209,35.2522,127.5095,35.2702,127.5166,35.2909,127.5334,35.2921,127.55,35.2575,127.5669,35.2456,127.5703,35.2379,127.5611,35.2241
U|127.2834,35.1687,127.2994,35.1786,127.306,35.1627,127.3056,35.1575,127.2835,35.1575,127.2917,35.1377,127.2835,35.1353,127.2871,35.1286,127.3055,35.1353,127.3279,35.1242,127.3279,35.0797,127.3041,35.0812,127.25,35.0686,127.2404,35.0895,127.2388,35.1798,127.258,35.1864,127.2834,35.1687
U|127.5056,35.1797,127.4807,35.1799,127.4663,35.1904,127.4388,35.213,127.4443,35.2248,127.4572,35.2252,127.4997,35.2015,127.5056,35.1797
U|127.4055,35.002,127.3796,35.0205,127.3723,35.0355,127.3722,35.0576,127.3905,35.0536,127.4001,35.041,127.4055,35.002
U|127.7945,35.0354,127.8056,35.0354,127.8056,35.0242,127.8128,35.0224,127.8277,35.0354,127.8379,35.02,127.8299,34.9801,127.8389,34.9576,127.8611,34.9576,127.8615,34.9457,127.8443,34.9502,127.8303,34.9447,127.7984,34.9586,127.7444,34.9602,127.7192,34.9901,127.7205,34.9652,127.7092,34.9404,127.6658,34.9092,127.661,34.9242,127.6188,34.9218,127.6072,34.9413,127.5916,34.9464,127.5807,34.9337,127.5764,34.8969,127.5857,34.8792,127.6189,34.8364,127.646,34.8161,127.6567,34.8119,127.7,34.8423,127.7568,34.8408,127.7756,34.8491,127.7498,34.7371,127.7415,34.7256,127.7064,34.7159,127.6563,34.7313,127.638,34.6982,127.6243,34.6982,127.6286,34.6909,127.6195,34.6897,127.6055,34.7243,127.6118,34.7319,127.634,34.7375,127.6388,34.7464,127.6291,34.756,127.5834,34.7686,127.584,34.7995,127.5732,34.8473,127.5833,34.8686,127.5788,34.8785,127.5561,34.8662,127.5389,34.8686,127.5451,34.8791,127.5685,34.889,127.5699,34.9109,127.5611,34.9131,127.5354,34.9004,127.5277,34.9019,127.5277,34.9131,127.475,34.8893,127.4501,34.8909,127.4481,34.9168,127.4169,34.9412,127.4167,34.9687,127.4333,34.9687,127.4611,34.9465,127.4603,34.9679,127.4486,35.0007,127.4501,35.0242,127.4945,35.0464,127.5142,35.044,127.5389,35.0021,127.5657,35.0085,127.6086,35.0321,127.6389,35.0354,127.65,34.9909,127.6693,34.9896,127.7222,35.0055,127.75,35.0021,127.7485,35.0363,127.7277,35.0575,127.7277,35.0686,127.7047,35.079,127.7054,35.0909,127.7202,35.0921,127.7615,35.0746,127.7945,35.0354
U|128.3714,35.0136,128.3714,35.0068,128.3873,35.0137,128.3826,35.0052,128.3943,34.9908,128.3871,34.9783,128.3645,34.9906,128.3354,34.9847,128.3305,34.9742,128.3354,34.9637,128.35,34.9576,128.341,34.9376,128.3351,34.9473,128.3277,34.9414,128.2831,34.9686,128.2814,34.9777,128.2942,34.9909,128.2942,35.0131,128.35,35.0242,128.3638,35.0324,128.372,35.0464,128.3858,35.0406,128.3821,35.0226,128.3714,35.0136
U|128.433,34.8907,128.4421,34.8835,128.4509,34.8859,128.4609,34.9037,128.4745,34.8907,128.4353,34.8432,128.3996,34.8384,128.4012,34.8548,128.4159,34.8627,128.3973,34.8645,128.4074,34.9079,128.4371,34.9135,128.433,34.8907
U|128.7239,34.9545,128.7344,34.9355,128.7341,34.9223,128.7144,34.8764,128.7476,34.8858,128.7424,34.8441,128.6947,34.8515,128.672,34.8686,128.6322,34.8516,128.6184,34.8563,128.5535,34.9066,128.584,34.9099,128.627,34.8918,128.6455,34.8907,128.6455,34.8969,128.627,34.9069,128.6164,34.9219,128.6106,34.9549,128.7239,34.9545
U|127.0945,34.7464,127.0612,34.7576,127.0488,34.7916,127.0945,34.802,127.1167,34.8243,127.1293,34.8201,127.1468,34.7978,127.1501,34.7797,127.1167,34.7797,127.0945,34.7464
U|126.9946,34.7353,126.9949,34.7173,126.9851,34.7088,126.9612,34.702,126.928,34.6798,126.9345,34.6545,126.928,34.6464,126.9111,34.6581,126.9095,34.6647,126.9167,34.6688,126.8976,34.6829,126.8847,34.7033,126.8835,34.7243,126.9145,34.7183,126.9591,34.7324,126.9946,34.7353
U|126.6244,34.6223,126.6368,34.6064,126.6391,34.5909,126.6058,34.602,126.6064,34.5859,126.6391,34.5687,126.6281,34.5528,126.6113,34.5532,126.5655,34.5812,126.5759,34.6248,126.5984,34.6194,126.6154,34.6265,126.6244,34.6223
U|127.3335,34.6602,127.3376,34.6134,127.3279,34.5909,127.3177,34.5889,127.2853,34.6096,127.2612,34.6097,127.2589,34.6341,127.2917,34.6401,127.3006,34.6575,127.3145,34.6519,127.3335,34.6602
U|131.8614,34.6491,131.841,34.6522,131.8226,34.6643,131.8028,34.6907,131.8584,34.7145,131.8629,34.7362,131.8917,34.6941,131.8827,34.6578,131.8614,34.6491
U|131.435,34.4238,131.4301,34.3927,131.4221,34.3833,131.4115,34.3822,131.3876,34.4195,131.4143,34.424,131.4133,34.4536,131.4311,34.4376,131.435,34.4238
U|131.2118,34.3838,131.209,34.3693,131.2264,34.3787,131.2046,34.3516,131.1884,34.3481,131.1716,34.3576,131.1698,34.368,131.1812,34.3811,131.2134,34.3891,131.2118,34.3838
U|131.5601,34.182,131.5494,34.1577,131.5383,34.1577,131.5271,34.1243,131.4826,34.1243,131.4493,34.1021,131.4509,34.0918,131.4719,34.0743,131.4716,34.0576,131.4311,34.0642,131.4186,34.0594,131.4148,34.0428,131.4017,34.0289,131.3899,34.0397,131.3831,34.033,131.3325,33.9621,131.2722,33.9268,131.258,33.9248,131.2498,33.9379,131.2258,33.935,131.2158,33.9508,131.1782,33.9305,131.1603,33.9528,131.166,33.9771,131.1366,33.992,131.1397,34.0419,131.1605,34.0688,131.216,34.0577,131.2213,34.0484,131.2605,34.0244,131.2799,34.0326,131.2867,34.0179,131.3022,34.0102,131.3049,34.0022,131.3169,34.0119,131.3161,34.0577,131.3381,34.0577,131.3381,34.0688,131.3493,34.0688,131.3693,34.0905,131.3825,34.091,131.3691,34.1191,131.3605,34.1243,131.3687,34.1386,131.3825,34.1466,131.3938,34.1355,131.4222,34.1427,131.4271,34.1466,131.4271,34.1799,131.4716,34.1799,131.4912,34.1894,131.5026,34.204,131.516,34.2466,131.5248,34.2444,131.5307,34.2124,131.5533,34.2019,131.5601,34.182
U|132.0993,34.0687,132.0492,34.0688,132.0577,34.0884,132.0811,34.097,132.1081,34.097,132.1271,34.091,132.1186,34.0744,132.0993,34.0687
U|131.5605,34.1132,131.5716,34.0911,131.6048,34.1133,131.6272,34.1022,131.6186,34.0815,131.6184,34.0522,131.6303,34.0267,131.6062,34.0267,131.5933,34.0373,131.5851,34.0267,131.5974,34.0026,131.593,33.9917,131.5789,33.9857,131.5676,33.9863,131.5623,34.0046,131.551,33.9994,131.5193,34.0085,131.493,34.0281,131.4775,34.03,131.482,34.0495,131.4992,34.0689,131.5528,34.0738,131.5604,34.0688,131.5559,34.0864,131.5382,34.091,131.5528,34.112,131.5605,34.1132
U|132.1518,33.9706,132.156,33.9487,132.1356,33.9384,132.1341,33.9177,132.1027,33.928,132.084,33.9265,132.0662,33.9126,132.0604,33.9243,132.0267,33.9411,132.027,33.9577,132.0604,33.9577,132.0715,33.98,132.1289,33.9907,132.1432,34.01,132.1825,34.0133,132.1518,33.9706
U|129.7351,33.7367,129.723,33.7171,129.7024,33.7111,129.6964,33.7293,129.6785,33.7336,129.6828,33.7548,129.7163,33.7689,129.7163,33.8022,129.7376,33.7996,129.7439,33.781,129.7387,33.7577,129.7675,33.7376,129.7351,33.7367
U|131.6159,33.4245,131.6402,33.4162,131.638,33.3889,131.615,33.3921,131.5937,33.4133,131.5937,33.4244,131.5826,33.4244,131.5905,33.4387,131.6048,33.4467,131.6159,33.4245
U|131.564,33.3763,131.5826,33.3473,131.5562,33.3464,131.533,33.3661,131.5158,33.3642,131.516,33.369,131.5382,33.369,131.5379,33.3799,131.564,33.3763
U|131.7273,33.4635,131.7212,33.453,131.7121,33.4596,131.7048,33.5023,131.7321,33.5025,131.7373,33.4846,131.7273,33.4635
U|126.6057,33.5232,126.6029,33.4607,126.5946,33.4466,126.564,33.447,126.5228,33.4642,126.4835,33.4578,126.4835,33.4466,126.458,33.4461,126.4391,33.4689,126.4423,33.4867,126.4533,33.4936,126.6057,33.5232
U|129.883,33.2912,129.9275,33.2912,129.9496,33.2801,129.9509,33.2676,129.9275,33.2578,129.9275,33.2466,129.9163,33.2467,129.9163,33.2356,129.8637,33.2328,129.8607,33.2134,129.8444,33.2149,129.8432,33.2533,129.8273,33.2912,129.8516,33.28,129.8413,33.316,129.8451,33.3403,129.8686,33.3387,129.883,33.2912
U|131.5018,33.3508,131.4984,33.3407,131.5104,33.2734,131.5269,33.2623,131.5231,33.2592,131.5047,33.2568,131.4803,33.2642,131.416,33.3022,131.4164,33.315,131.4604,33.3245,131.4716,33.3468,131.5018,33.3508
U|130.9822,33.3267,130.9939,33.3245,130.9931,33.3109,130.9717,33.2911,130.9606,33.2689,130.9426,33.2697,130.9123,33.2931,130.8828,33.2911,130.8846,33.3037,130.9049,33.3245,130.9162,33.3579,130.9372,33.3625,130.9563,33.358,130.9828,33.3356,130.9822,33.3267
U|131.6545,33.2716,131.7,33.2541,131.7109,33.2702,131.7508,33.2572,131.7614,33.2419,131.7927,33.2403,131.7951,33.2232,131.7715,33.2134,131.7715,33.2023,131.7493,33.2023,131.7493,33.1911,131.7382,33.1911,131.7382,33.18,131.716,33.1801,131.716,33.1689,131.7049,33.1689,131.7049,33.1578,131.6938,33.1578,131.6827,33.1356,131.6159,33.1467,131.6048,33.1578,131.5501,33.1564,131.5344,33.1617,131.527,33.1801,131.5183,33.1853,131.5158,33.2061,131.546,33.2288,131.5537,33.2548,131.6122,33.2529,131.6545,33.2716
U|126.4501,33.2578,126.4446,33.2353,126.3399,33.2382,126.3851,33.265,126.4501,33.2578
U|126.2672,33.2597,126.2834,33.2578,126.285,33.2296,126.2657,33.2152,126.2412,33.2221,126.2279,33.2578,126.251,33.2689,126.2613,33.269,126.2672,33.2597
U|129.8038,33.2009,129.795,33.1819,129.7964,33.1628,129.8163,33.1579,129.8213,33.1484,129.8362,33.1422,129.8274,33.1134,129.8334,33.0661,129.8274,33.0579,129.7975,33.0773,129.7873,33.071,129.7752,33.0776,129.7709,33.0862,129.7779,33.1068,129.7537,33.107,129.7668,33.1246,129.7587,33.1389,129.7477,33.1395,129.7285,33.1223,129.7229,33.1584,129.7098,33.1626,129.7115,33.1376,129.687,33.142,129.6743,33.1602,129.6528,33.1702,129.6561,33.1849,129.6455,33.1975,129.6281,33.1918,129.6107,33.2,129.6213,33.2104,129.6495,33.2138,129.6496,33.2357,129.6717,33.2467,129.6955,33.2707,129.7164,33.269,129.7095,33.2326,129.7292,33.2199,129.8051,33.2135,129.8038,33.2009
U|126.6018,33.2397,126.5655,33.2329,126.5212,33.2366,126.4794,33.2305,126.4946,33.269,126.5549,33.2751,126.591,33.2866,126.6135,33.2857,126.6321,33.2737,126.6355,33.2609,126.6018,33.2397
U|131.8773,33.0709,131.8919,33.0726,131.8949,33.068,131.8725,33.0518,131.8613,33.0514,131.8395,33.0633,131.8382,33.0801,131.8696,33.095,131.8632,33.0825,131.8776,33.0763,131.8773,33.0709
U|129.9052,33.085,129.9052,33.0579,129.8932,33.0527,129.8814,33.0628,129.8615,33.0567,129.8642,33.0914,129.8854,33.1003,129.9052,33.085
U|131.8048,33.0911,131.7909,33.0966,131.784,33.1092,131.7825,33.1468,131.8234,33.1477,131.8096,33.1276,131.8285,33.1194,131.8048,33.0911
U|129.9052,33.1578,129.8728,33.1699,129.8606,33.2023,129.8954,33.1927,129.9051,33.18,129.9052,33.1578
U|131.9577,32.9469,131.949,32.941,131.9404,32.9444,131.9215,32.918,131.9093,32.9136,131.8937,32.9356,131.8493,32.9245,131.8354,32.9451,131.827,32.9467,131.8264,32.9605,131.8859,33.0086,131.909,33.0142,131.9032,32.9831,131.9347,32.9595,131.9497,32.9593,131.9577,32.9469
U|131.6929,33.0733,131.7222,33.046,131.7244,33.0383,131.716,33.0245,131.6986,33.0266,131.6605,33.0467,131.6439,33.0355,131.6272,32.9689,131.5826,32.9578,131.5688,32.9921,131.5715,33.0024,131.5826,33.0024,131.5937,33.0246,131.6159,33.0246,131.6159,33.0579,131.6381,33.0579,131.6493,33.069,131.6714,33.069,131.6715,33.0802,131.6929,33.0733
U|130.3394,32.8566,130.3512,32.8339
U|130.3151,32.8068,130.3148,32.8176,130.2794,32.8313,130.2606,32.8467,130.2095,32.826,130.1987,32.8472,130.2436,32.8753,130.3073,32.8763,130.3394,32.8566
U|127.2834,37.035,127.3168,37.0239,127.2945,36.9905,127.2945,36.9683,127.2738,36.9643,127.2723,36.9571,127.2379,36.9892,127.2326,37.0104,127.2388,37.035,127.2834,37.035
U|126.5764,37.5024,126.5831,37.4904,126.5658,37.48,126.5066,37.4656,126.4434,37.4206,126.4205,37.4224,126.418,37.4295,126.427,37.4333,126.4269,37.4425,126.4049,37.4584,126.3649,37.4559,126.3555,37.4662,126.3593,37.4736,126.3736,37.4716,126.4189,37.4969,126.4734,37.4993,126.4937,37.5078,126.5007,37.5302,126.5148,37.5343,126.5264,37.5251,126.5633,37.5144,126.5764,37.5024
U|126.5204,37.7431,126.5147,37.7274,126.4865,37.7248,126.4369,37.7353,126.4279,37.7237,126.4153,37.7446,126.4585,37.7573,126.4723,37.7682,126.4805,37.7866,126.5164,37.7672,126.5204,37.7431
U|127.3632,38.1903,127.3389,38.157,127.35,38.1237,127.35,38.0792,127.3606,38.0692,127.4055,38.057,127.4055,38.0236,127.3834,38.0125,127.3834,37.9681,127.3612,37.957,127.3612,37.9348,127.3279,37.9126,127.3266,37.9067,127.3389,37.9016,127.3373,37.894,127.3055,37.8682,127.2998,37.8685,127.2944,37.8903,127.2741,37.8884,127.2584,37.8726,127.2389,37.8349,127.2554,37.8275,127.2859,37.8453,127.3056,37.8349,127.2921,37.806,127.2764,37.7986,127.2724,37.7793,127.2501,37.7571,127.2611,37.7237,127.2519,37.7179,127.2512,37.7,127.2723,37.6794,127.2833,37.6867,127.2612,37.6947,127.261,37.7126,127.2928,37.7242,127.2944,37.7349,127.3223,37.7275,127.3701,37.7024,127.3945,37.7016,127.4068,37.7106,127.4222,37.738,127.4388,37.746,127.4269,37.7554,127.4167,37.7459,127.4091,37.7505,127.4099,37.7651,127.4303,37.7772,127.4723,37.7682,127.4695,37.7492,127.4279,37.7126,127.399,37.6669,127.4026,37.5846,127.3946,37.5792,127.3742,37.5818,127.3833,37.6237,127.3545,37.6247,127.3056,37.5904,127.3132,37.5791,127.3612,37.5793,127.3723,37.5571,127.3834,37.5571,127.3834,37.546,127.4274,37.5586,127.4501,37.5571,127.4612,37.546,127.4945,37.5571,127.524,37.5256,127.539,37.4793,127.5216,37.471,127.4863,37.4672,127.4577,37.4711,127.4388,37.4904,127.4167,37.4793,127.3903,37.5251,127.3723,37.5349,127.3279,37.5237,127.334,37.5105,127.3723,37.4905,127.3737,37.4812,127.3612,37.4682,127.3612,37.446,127.3501,37.446,127.3706,37.4087,127.3834,37.4016,127.4055,37.4016,127.4167,37.3572,127.4501,37.3572,127.4672,37.3374,127.4945,37.335,127.4945,37.3154,127.458,37.313,127.4502,37.3016,127.4617,37.2907,127.4923,37.2878,127.5057,37.2794,127.5079,37.2487,127.5166,37.2461,127.5139,37.2349,127.4833,37.2238,127.4833,37.2127,127.4655,37.2148,127.4389,37.2349,127.4018,37.2103,127.3834,37.2127,127.385,37.1972,127.4279,37.1905,127.4279,37.1572,127.4501,37.1461,127.4658,37.1279,127.4808,37.1214,127.5057,37.1238,127.4629,37.0996,127.4501,37.0794,127.4367,37.0855,127.4167,37.1238,127.4017,37.1254,127.3945,37.1349,127.3572,37.1223,127.3388,37.1238,127.3363,37.1353,127.3611,37.1461,127.3584,37.164,127.35,37.1763,127.2887,37.2037,127.2723,37.2016,127.2389,37.1794,127.2353,37.137,127.2278,37.1238,127.2167,37.1238,127.2167,37.1127,127.1834,37.1238,127.1638,37.1142,127.1464,37.0863,127.139,37.0904,127.1501,37.0683,127.1672,37.068,127.1774,37.091,127.1945,37.0906,127.1824,37.0734,127.2389,37.0683,127.2389,37.0349,127.1991,37.0283,127.1723,37.0016,127.1612,36.9683,127.1056,36.9683,127.1057,36.9506,127.1945,36.935,127.1723,36.8795,127.1834,36.8573,127.1981,36.8564,127.2167,36.8906,127.2388,36.8906,127.2388,36.9017,127.2611,36.8906,127.2539,36.8756,127.224,36.8611,127.2168,36.8461,127.2368,36.8192,127.3025,36.7904,127.3279,36.7684,127.3256,36.7522,127.3105,36.7401,127.2873,36.7338,127.2611,36.735,127.227,36.7489,127.2167,36.7461,127.2167,36.735,127.2056,36.735,127.2056,36.7239,127.1723,36.7128,127.1675,36.6767,127.1611,36.6683,127.1431,36.6763,127.1413,36.6881,127.15,36.7128,127.1389,36.735,127.15,36.7462,127.1154,36.7648,127.1076,36.7772,127.1055,36.8239,127.0933,36.8247,127.0834,36.8016,127.0613,36.7794,127.079,36.7522,127.0723,36.735,127.0603,36.7328,127.0501,36.7572,127.0332,36.76,126.9834,36.7461,126.9834,36.7684,127.0022,36.7826,127.0089,36.797,127.0389,36.7906,127.0319,36.8112,126.9501,36.8127,126.9536,36.8315,126.9758,36.8537,126.9946,36.8573,126.9977,36.8303,127.0501,36.824,127.0574,36.8264,127.0501,36.835,127.0612,36.8573,127.0769,36.8568,127.1056,36.8351,127.1611,36.8735,127.159,36.8859,127.1389,36.8905,127.1106,36.9261,127.0959,36.9342,127.0501,36.935,127.0466,36.9181,126.9999,36.928,127.0072,36.9526,126.9942,36.9669,127.0331,36.9785,127.054,36.9964,127.055,37.0089,127.0278,37.046,127.034,37.0889,127.0389,37.0905,127.0278,37.1127,127.0056,37.1127,126.9723,37.1349,126.9148,37.1166,126.8758,37.1163,126.83,37.1443,126.8635,37.1503,126.8707,37.1755,126.8645,37.1791,126.8298,37.1587,126.8169,37.1608,126.8023,37.1732,126.8023,37.1854,126.7856,37.1786,126.7669,37.2139,126.7235,37.2224,126.6845,37.2156,126.6732,37.2284,126.6585,37.2543,126.6722,37.2617,126.6795,37.2572,126.71,37.2617,126.7522,37.2483,126.7676,37.2543,126.7676,37.2323,126.7821,37.2202,126.7925,37.2235,126.8023,37.2543,126.8192,37.2744,126.8486,37.2653,126.8707,37.2679,126.8521,37.2862,126.8289,37.288,126.8225,37.2956,126.7836,37.2953,126.7333,37.3062,126.6898,37.3325,126.6875,37.344,126.72,37.3771,126.7172,37.3838,126.6647,37.3892,126.6403,37.3644,126.6151,37.3797,126.6386,37.4138,126.6303,37.425,126.596,37.4397,126.595,37.4723,126.6048,37.4857,126.642,37.4961,126.6442,37.5044,126.6307,37.5073,126.627,37.4986,126.6065,37.4968,126.6011,37.5068,126.6038,37.5493,126.5605,37.6074,126.531,37.7547,126.5349,37.7682,126.5482,37.7702,126.6033,37.7545,126.6485,37.765,126.6619,37.758,126.6668,37.7462,126.6615,37.6724,126.6921,37.652,126.731,37.6391,126.7552,37.6379,126.6788,37.6863,126.7005,37.743,126.6869,37.7736,126.6895,37.8137,126.6957,37.8232,126.7279,37.8015,126.75,37.8127,126.7481,37.8384,126.7278,37.9016,126.7614,37.9014,126.7694,37.9173,126.7723,37.9571,126.7899,37.9591,126.7947,37.9319,126.8127,37.9206,126.8135,37.9069,126.8239,37.9,126.8502,37.9016,126.8793,37.8938,126.9056,37.9016,126.9056,37.9126,126.9383,37.9005,126.9722,37.9126,126.9722,37.9348,126.9945,37.9348,127.0056,37.9571,127.0168,37.9571,127.0168,37.9682,127.0278,37.9682,127.0389,38.0015,127.0384,38.0176,127.0056,38.0347,127.0109,38.0498,127.0501,38.046,127.0898,38.0596,127.1055,38.0571,127.0954,38.0746,127.0662,38.101,127.0612,38.1237,127.0688,38.1306,127.1055,38.1348,127.1256,38.1574,127.1389,38.1571,127.137,38.1483,127.1501,38.1348,127.1167,38.0903,127.1172,38.0836,127.1279,38.0792,127.1161,38.0561,127.1167,38.046,127.1273,38.0411,127.1213,38.0082,127.0945,37.9904,127.1009,37.9758,127.139,37.9571,127.1168,37.8793,127.1365,37.8745,127.1501,37.9126,127.1722,37.9126,127.1678,38.0233,127.1945,38.0348,127.1953,38.0202,127.1835,37.9904,127.2141,37.993,127.2238,38.0072,127.2167,38.057,127.2634,38.0438,127.2742,38.0259,127.2724,37.9904,127.3027,37.9942,127.3292,38.0213,127.3722,38.0015,127.3508,38.018,127.35,38.0237,127.3624,38.0297,127.342,38.0549,127.3047,38.0516,127.2277,38.0792,127.2298,38.1051,127.2388,38.1237,127.25,38.1348,127.2723,38.1348,127.2834,38.1682,127.2944,38.1682,127.2944,38.1793,127.3055,38.1793,127.3055,38.1903,127.3278,38.1903,127.3278,38.2015,127.3612,38.2015,127.3632,38.1903
U|126.9272,37.873,126.9168,37.8792,126.9161,37.8467,126.9057,37.8238,126.9352,37.8279,126.9455,37.846,126.97,37.8557,126.9722,37.8682,126.9272,37.873
U|127.2724,37.5237,127.2738,37.4865,127.2844,37.4775,127.3055,37.4794,127.2981,37.5108,127.289,37.5212,127.2724,37.5237
U|127.2846,37.3091,127.2947,37.2936,127.3168,37.2905,127.313,37.3451,127.2945,37.346,127.2851,37.3292,127.2846,37.3091
U|127.7787,36.5373,127.7832,36.5128,127.7497,36.5194,127.7016,36.4946,127.6721,36.5017,127.6726,36.5162,127.7167,36.524,127.723,36.5366,127.7277,36.524,127.7653,36.5399,127.7787,36.5373
U|127.4509,36.5147,127.4546,36.4918,127.4772,36.5042,127.4945,36.5018,127.4971,36.4861,127.4833,36.4462,127.4945,36.4129,127.4945,36.3796,127.5056,36.3574,127.5389,36.3463,127.55,36.3351,127.5944,36.3463,127.6002,36.337,127.6169,36.3359,127.6276,36.3574,127.6358,36.3511,127.6385,36.3397,127.6277,36.324,127.6277,36.3017,127.6167,36.2906,127.6342,36.2501,127.6276,36.235,127.6126,36.2435,127.6038,36.276,127.5722,36.2795,127.5572,36.2776,127.55,36.2684,127.5426,36.2724,127.5389,36.3017,127.5277,36.324,127.5168,36.3215,127.5057,36.2907,127.4945,36.2906,127.4723,36.2573,127.3806,36.2621,127.35,36.2573,127.3389,36.2462,127.2963,36.2507,127.2258,36.274,127.2055,36.2906,127.2052,36.3042,127.215,36.3139,127.2553,36.33,127.2723,36.3241,127.2723,36.3573,127.25,36.3685,127.2611,36.3907,127.2834,36.3796,127.2849,36.3849,127.2723,36.3906,127.2725,36.3974,127.2834,36.4018,127.2823,36.42,127.2944,36.4462,127.2923,36.4523,127.2834,36.4462,127.261,36.4572,127.2701,36.4757,127.3055,36.4573,127.3363,36.4699,127.3499,36.4685,127.3399,36.4834,127.2944,36.5128,127.298,36.5266,127.3389,36.5129,127.3849,36.5539,127.4319,36.5573,127.4612,36.5462,127.4509,36.5147
U|129.1165,36.5795,129.1167,36.5576,129.1275,36.5462,129.1225,36.5376,129.1052,36.5572,129.0641,36.5408,129.0497,36.5462,129.0497,36.5572,129.0275,36.5462,129.0052,36.5573,129.014,36.5746,129.072,36.5684,129.1165,36.5795
U|127.6166,36.835,127.6139,36.7818,127.6056,36.7683,127.5945,36.7683,127.5945,36.7572,127.5611,36.7794,127.5056,36.7572,127.4945,36.7461,127.4543,36.7365,127.4278,36.7461,127.4265,36.7554,127.4501,36.7906,127.5056,36.7906,127.5351,36.819,127.5944,36.824,127.6166,36.8402,127.6166,36.8462,127.6238,36.8397,127.6166,36.835
U|126.5848,37.8009,126.6025,37.7921,126.6302,37.8031,126.6535,37.8065,126.6516,37.7993,126.5933,37.7744,126.5762,37.7775,126.4922,37.8202,126.5047,37.841,126.5268,37.8549,126.5477,37.8496,126.5848,37.8009
U|126.939,36.0906,126.9372,36.0649,126.928,36.0462,126.9168,36.035,126.8946,36.0351,126.8728,35.996,126.847,35.993,126.8323,36.0104,126.8168,36.0129,126.8173,35.9968,126.8502,35.9796,126.8254,35.9544,126.8279,35.9351,126.8159,35.9261,126.8168,35.9684,126.7889,35.9659,126.7723,35.9462,126.7391,35.9462,126.7279,35.924,126.7085,35.9128,126.7077,35.8846,126.6123,35.8902,126.6088,35.9311,126.5996,35.9377,126.5697,35.946,126.5257,35.9404,126.5214,35.9705,126.7112,35.9858,126.7274,35.9936,126.7447,35.9896,126.8689,36.0475,126.8722,36.0796,126.8945,36.0686,126.9226,36.0998,126.939,36.0906
U|126.7137,36.0209,126.7167,36.013,126.7544,36.0177,126.6925,35.9999,126.6773,36.0059,126.6653,36.0346,126.6311,36.0756,126.645,36.0847,126.6201,36.0969,126.6304,36.1137,126.7279,36.1129,126.7264,36.0867,126.6947,36.0351,126.7137,36.0209
U|127.5241,36.2119,127.5278,36.1574,127.55,36.1574,127.5611,36.1685,127.5677,36.1652,127.5722,36.1463,127.5945,36.1352,127.5985,36.1147,127.6056,36.1129,127.6029,36.1067,127.5811,36.1134,127.5612,36.0906,127.5251,36.0929,127.5166,36.0906,127.5166,36.0795,127.5071,36.0796,127.4832,36.1017,127.4388,36.0906,127.4278,36.1129,127.3884,36.1376,127.3834,36.1574,127.4027,36.1545,127.427,36.1344,127.45,36.1352,127.439,36.1809,127.4397,36.2045,127.4501,36.224,127.4723,36.2018,127.4866,36.203,127.5,36.2212,127.5166,36.224,127.5241,36.2119
U|128.6474,36.3049,128.6498,36.2906,128.6054,36.2906,128.608,36.2471,128.5986,36.2298,128.5013,36.1934,128.4944,36.1684,128.4999,36.1598,128.5388,36.1574,128.5498,36.1352,128.5652,36.1306,128.5831,36.0906,128.5649,36.0811,128.5326,36.0965,128.4981,36.1026,128.4944,36.0906,128.4507,36.083,128.4388,36.0685,128.4388,36.0573,128.4277,36.0573,128.4741,36.0014,128.4943,35.9908,128.5173,35.9948,128.5394,36.0073,128.5473,36.0226,128.5275,36.0351,128.5299,36.0411,128.5498,36.0463,128.5498,36.0241,128.5706,36.0276,128.597,36.0609,128.6165,36.0686,128.6146,36.0598,128.6276,36.0463,128.6165,36.024,128.6387,35.9907,128.6667,35.977,128.6721,35.9686,128.6952,36.0119,128.7165,36.0129,128.7034,35.9779,128.7054,35.9685,128.7165,35.9685,128.7041,35.9446,128.7054,35.9351,128.7303,35.9157,128.7612,35.9181,128.7863,35.9428,128.7942,35.9908,128.8112,35.9955,128.8554,35.9762,128.8719,35.9796,128.8719,35.9908,128.8942,35.9907,128.8942,36.0018,128.9353,36.0016,128.9499,36.0093,128.9498,36.0351,128.9688,36.0347,128.9942,36.0018,129.0119,36.0063,129.0163,36.0241,129.0381,36.0122,129.0164,35.9685,129.0386,35.9481,129.0387,35.9351,129.0163,35.9129,128.9941,35.9462,128.9498,35.9462,128.9495,35.9293,128.9724,35.9189,128.9721,35.9018,128.9524,35.9044,128.9249,35.9213,128.8991,35.9244,128.8831,35.9018,128.8943,35.8463,128.8695,35.823,128.872,35.813,128.8831,35.813,128.872,35.7907,128.8629,35.7892,128.8498,35.8018,128.8164,35.8129,128.8387,35.8351,128.8129,35.8331,128.7943,35.824,128.7832,35.8129,128.7832,35.7907,128.7498,35.7796,128.7458,35.7588,128.7386,35.7573,128.7201,35.7584,128.7145,35.7967,128.7053,35.8129,128.6887,35.8163,128.6721,35.7796,128.6624,35.7775,128.6276,35.7796,128.6222,35.7704,128.6053,35.7685,128.5942,35.8018,128.5324,35.7766,128.5054,35.7795,128.5128,35.7585,128.5054,35.6796,128.476,35.6791,128.4499,35.6685,128.4277,35.6685,128.42,35.6613,128.3942,35.6796,128.3928,35.6943,128.4054,35.7241,128.372,35.7908,128.3918,35.7876,128.3986,35.7929,128.4054,35.8241,128.4331,35.844,128.4387,35.8574,128.4297,35.8743,128.4001,35.8705,128.3832,35.8796,128.3944,35.8982,128.4152,35.9017,128.461,35.8908,128.4557,35.9132,128.4426,35.9279,128.4221,35.935,128.3942,35.9351,128.3918,35.9746,128.3766,35.9833,128.3852,35.9984,128.3942,36.0018,128.3904,36.011,128.372,36.0017,128.3288,36.0414,128.2942,36.0462,128.2942,36.0629,128.3165,36.0906,128.3067,36.1002,128.2609,36.1129,128.2609,36.1574,128.3053,36.1796,128.3094,36.2002,128.3165,36.2018,128.2954,36.2362,128.2831,36.2796,128.3166,36.2685,128.3613,36.2743,128.3721,36.2685,128.3711,36.2497,128.3388,36.2573,128.3554,36.1972,128.3608,36.1908,128.3832,36.2018,128.3832,36.1907,128.4055,36.1908,128.4055,36.1685,128.4146,36.169,128.4387,36.1796,128.4499,36.2018,128.4896,36.2038,128.4943,36.2129,128.5177,36.2229,128.5609,36.224,128.5527,36.2463,128.5109,36.2656,128.5053,36.2907,128.5116,36.2961,128.5388,36.3018,128.5802,36.3289,128.6014,36.3342,128.6276,36.3241,128.6474,36.3049
U|126.6714,36.4036,126.6795,36.356,126.6723,36.335,126.6409,36.3351,126.6172,36.327,126.6019,36.3018,126.582,36.2921,126.5715,36.3056,126.5138,36.3227,126.5288,36.3339,126.5733,36.3426,126.5826,36.353,126.5762,36.3663,126.5673,36.3682,126.5835,36.4018,126.5946,36.4018,126.6149,36.421,126.6332,36.4266,126.6613,36.424,126.6714,36.4036
U|126.5714,36.4511,126.5691,36.4381,126.5326,36.4071,126.5512,36.3697,126.5274,36.3698,126.5007,36.3909,126.5007,36.3977,126.5138,36.3977,126.4988,36.4201,126.5471,36.4362,126.5714,36.4511
U|126.5234,36.4411,126.5076,36.4387,126.4908,36.4623,126.5061,36.4653,126.5377,36.4582,126.5234,36.4411
U|126.625,35.2287,126.6168,35.2464,126.6364,35.2546,126.6613,35.3131,126.6872,35.2946,126.6944,35.2795,126.6947,35.2574,126.6652,35.2564,126.625,35.2287
U|127.8234,35.5389,127.7851,35.5246,127.7945,35.513,127.7812,35.4997,127.7732,35.5063,127.7721,35.5353,127.7944,35.5353,127.8165,35.5575,127.8277,35.5575,127.8234,35.5389
U|126.6106,35.4848,126.6058,35.4797,126.6362,35.4835,126.6612,35.513,126.6755,35.509,126.7057,35.4686,126.7284,35.468,126.7495,35.4914,126.7724,35.4908,126.7658,35.4585,126.7167,35.3908,126.7108,35.3931,126.6949,35.43,126.6723,35.4463,126.6584,35.4484,126.6279,35.4352,126.6095,35.4344,126.5895,35.4479,126.5835,35.4463,126.5835,35.4352,126.5502,35.4352,126.539,35.4823,126.5145,35.4966,126.4924,35.525,126.5253,35.5349,126.5942,35.5425,126.623,35.5686,126.6353,35.5712,126.6397,35.5593,126.6135,35.5265,126.6106,35.4848
U|128.5506,35.5985,128.5584,35.5894,128.5591,35.5678,128.5486,35.5496,128.5316,35.5411,128.5276,35.5019,128.5498,35.4463,128.5412,35.4383,128.5388,35.4241,128.5041,35.4198,128.4832,35.4019,128.4877,35.3921,128.5103,35.4043,128.5276,35.4019,128.515,35.3645,128.5165,35.3464,128.6054,35.3909,128.6188,35.3897,128.6498,35.3686,128.6796,35.3893,128.7164,35.3909,128.7174,35.3969,128.7053,35.4018,128.7053,35.4241,128.6716,35.438,128.6795,35.4771,128.6646,35.4829,128.6813,35.492,128.6941,35.4908,128.6926,35.4973,128.672,35.5018,128.6803,35.5222,128.672,35.524,128.6762,35.5386,128.7164,35.5464,128.7497,35.5686,128.7795,35.5798,128.7832,35.5909,128.7971,35.5859,128.8164,35.5464,128.8609,35.5464,128.872,35.5241,128.9543,35.5107,128.9831,35.513,128.975,35.4872,128.9617,35.4715,128.9423,35.4655,128.9163,35.4685,128.883,35.4907,128.8663,35.4819,128.8564,35.4572,128.8388,35.4463,128.8422,35.4249,128.8684,35.4012,128.872,35.3796,128.8267,35.3499,128.8053,35.3463,128.8145,35.3277,128.8164,35.302,128.8498,35.3019,128.8498,35.3242,128.883,35.3131,128.9054,35.3242,128.9276,35.3131,128.9349,35.3198,128.9386,35.3464,128.9608,35.3464,129.0052,35.4019,129.0622,35.4132,129.0719,35.4353,129.088,35.4263,129.1057,35.394,129.1274,35.3909,129.138,35.4016,129.1312,35.421,129.1385,35.4352,129.156,35.4472,129.1609,35.4353,129.1718,35.4464,129.1865,35.4385,129.2108,35.4073,129.2053,35.3908,129.1831,35.3908,129.1856,35.3678,129.1942,35.3575,129.1819,35.3401,129.1726,35.3346,129.1498,35.3352,129.1587,35.3068,129.1799,35.2908,129.2055,35.2887,129.2274,35.3019,129.2274,35.3242,129.2384,35.3242,129.2384,35.3464,129.2591,35.3624,129.2609,35.3797,129.2744,35.3696,129.3242,35.3541,129.3331,35.3448,129.2927,35.316,129.2692,35.3168,129.2624,35.284,129.2497,35.2662,129.2557,35.247,129.1943,35.1555,129.1203,35.1496,129.1193,35.1356,129.1286,35.1141,129.1235,35.1008,129.1011,35.0923,129.0638,35.1208,129.0376,35.0978,129.0219,35.06,129.0138,35.0553,128.997,35.0757,129.0004,35.0459,128.9851,35.0543,128.9651,35.0436,128.9584,35.0504,128.9504,35.0729,128.9613,35.119,128.9628,35.1334,128.958,35.1369,128.9184,35.0819,128.9046,35.0811,128.9046,35.1205,128.8979,35.1213,128.8822,35.0815,128.7916,35.083,128.7811,35.1111,128.772,35.0833,128.762,35.0794,128.7387,35.088,128.7278,35.1047,128.7158,35.1059,128.7004,35.0961,128.6963,35.1435,128.6805,35.1314,128.6799,35.116,128.638,35.1498,128.6179,35.1433,128.6223,35.1574,128.614,35.1774,128.6179,35.1849,128.6021,35.2139,128.5781,35.1894,128.5969,35.1332,128.5276,35.1241,128.51,35.104,128.475,35.0978,128.4499,35.1131,128.472,35.1464,128.5275,35.1575,128.5164,35.213,128.4943,35.2463,128.4499,35.2352,128.4387,35.2574,128.4055,35.2463,128.3721,35.2574,128.3429,35.251,128.3276,35.2352,128.299,35.2582,128.2831,35.3019,128.2387,35.3353,128.2441,35.3493,128.2568,35.3562,128.2943,35.3575,128.2918,35.3121,128.3276,35.2909,128.3532,35.3153,128.3608,35.3575,128.4055,35.3575,128.3964,35.3135,128.4011,35.2941,128.4165,35.2798,128.4345,35.3115,128.4508,35.3264,128.4831,35.3242,128.4853,35.3435,128.4387,35.3574,128.4387,35.3797,128.4065,35.4067,128.3996,35.4243,128.3767,35.4394,128.372,35.4575,128.395,35.4505,128.4285,35.4251,128.461,35.4242,128.4762,35.4335,128.4943,35.4353,128.4975,35.4464,128.4831,35.4797,128.4942,35.5019,128.4859,35.5123,128.4499,35.524,128.4499,35.5463,128.4165,35.5574,128.4333,35.5694,128.4584,35.5687,128.4821,35.5597,128.4943,35.5464,128.5164,35.5574,128.5053,35.5686,128.5274,35.5907,128.5164,35.6019,128.5286,35.6077,128.5275,35.613,128.5506,35.5985
U|128.573,35.3544,128.561,35.302,128.6667,35.3285,128.6942,35.3242,128.6979,35.3399,128.6498,35.3463,128.6498,35.3575,128.6433,35.362,128.6165,35.3685,128.6054,35.3574,128.5831,35.3685,128.573,35.3544
U|128.7507,35.3652,128.7498,35.3575,128.7661,35.3556,128.7719,35.3464,128.7904,35.3482,128.8164,35.3797,128.8387,35.3797,128.8393,35.4079,128.8274,35.4352,128.7943,35.4352,128.7943,35.413,128.7719,35.4019,128.7719,35.3908,128.7498,35.3908,128.7507,35.3652
U|128.8275,35.1908,128.8329,35.1435,128.8275,35.1242,128.8466,35.1256,128.8719,35.1687,128.9023,35.1798,128.9053,35.1908,128.8879,35.2008,128.868,35.2011,128.8275,35.1908
U|127.2622,35.6745,127.2733,35.6662,127.2834,35.6686,127.2834,35.6797,127.3159,35.6551,127.3279,35.6575,127.3208,35.6337,127.3038,35.6203,127.25,35.6129,127.2663,35.6509,127.2647,35.6622,127.2388,35.6685,127.2386,35.6765,127.25,35.6908,127.2622,35.6745
U|129.9074,33.5364,129.9103,33.5003,129.9164,33.4928,129.9439,33.4905,129.9577,33.5163,129.9613,33.5128,129.9412,33.4795,129.9533,33.4737,129.9626,33.4826,129.9669,33.463,129.9754,33.4541,130.0169,33.4458,130.0346,33.456,130.048,33.4507,130.0708,33.4527,130.1052,33.4356,130.0847,33.4077,130.0451,33.3957,130.0332,33.3822,130.007,33.3776,129.9928,33.3822,129.9557,33.4139,129.9495,33.4355,129.9051,33.4244,129.9122,33.4547,129.894,33.4911,129.9051,33.4912,129.8826,33.5309,129.899,33.5295,129.8968,33.536,129.9074,33.5364
U|130.9929,33.8977,131.0018,33.8872,130.9998,33.8739,130.9846,33.874,130.9907,33.8568,130.9636,33.8332,130.9617,33.8162,130.9855,33.8087,131.0069,33.8131,131.0036,33.7797,131.0097,33.7462,131.0645,33.6533,131.0813,33.635,131.103,33.6243,131.12,33.6263,131.2565,33.605,131.2838,33.5824,131.3676,33.5748,131.4177,33.5817,131.4566,33.6141,131.4948,33.5867,131.4835,33.5812,131.4846,33.5625,131.4716,33.5578,131.4651,33.5308,131.4515,33.5222,131.416,33.5244,131.3938,33.5133,131.3716,33.5133,131.3413,33.502,131.3176,33.5038,131.2938,33.5133,131.2938,33.5244,131.2604,33.5466,131.1975,33.5264,131.1716,33.5244,131.1605,33.5467,131.1605,33.5689,131.1271,33.5799,131.116,33.6022,131.0938,33.6133,131.0716,33.6355,131.0494,33.6244,131.0159,33.6577,130.9712,33.6442,130.9605,33.6466,130.9271,33.7022,130.936,33.7389,130.9605,33.7799,130.9373,33.7962,130.8605,33.7799,130.8422,33.8283,130.8271,33.8355,130.7935,33.8299,130.7771,33.8155,130.7747,33.7944,130.7828,33.7689,130.7939,33.7577,130.7939,33.7355,130.8259,33.7086,130.8272,33.6911,130.8643,33.6865,130.8716,33.68,130.8651,33.5894,130.8606,33.5799,130.8045,33.572,130.7893,33.5489,130.7605,33.5578,130.716,33.5466,130.6522,33.5731,130.6333,33.6006,130.632,33.6362,130.6383,33.6578,130.6609,33.6777,130.6605,33.6911,130.6501,33.7028,130.6049,33.7133,130.5828,33.7688,130.5768,33.7699,130.5717,33.7577,130.5496,33.7577,130.5496,33.7355,130.5383,33.7355,130.5343,33.7278,130.5214,33.6815,130.5224,33.6608,130.5342,33.6414,130.5607,33.6245,130.5525,33.5761,130.5607,33.5578,130.5703,33.5529,130.5717,33.5356,130.605,33.5134,130.605,33.4911,130.6244,33.466,130.6443,33.4559,130.6494,33.4467,130.6914,33.4602,130.705,33.4578,130.7099,33.4483,130.723,33.444,130.7273,33.4245,130.7383,33.4245,130.7494,33.4023,130.7939,33.4023,130.7939,33.369,130.8272,33.369,130.8495,33.3578,130.8374,33.3268,130.8071,33.3168,130.6277,33.2953,130.5981,33.2747,130.605,33.2357,130.6177,33.2334,130.6494,33.2467,130.6495,33.2357,130.6971,33.2608,130.7273,33.2578,130.7283,33.2443,130.694,33.2244,130.705,33.2023,130.694,33.2023,130.694,33.1911,130.6494,33.1911,130.5716,33.1578,130.5383,33.1578,130.5383,33.1134,130.5244,33.0793,130.5273,33.069,130.5472,33.055,130.5496,33.0467,130.5273,32.9801,130.542,32.9679,130.6008,32.9867,130.6272,32.9801,130.6383,32.9495,130.6552,32.9494,130.6716,32.9579,130.6732,32.9714,130.6427,32.9967,130.6494,33.0135,130.6605,33.0135,130.6658,33.0485,130.6716,33.0579,130.716,33.0579,130.716,33.069,130.7383,33.0579,130.7494,33.0357,130.8051,33.0357,130.8161,33.0135,130.8606,33.0246,130.8674,33.0064,130.8384,32.9468,130.8553,32.9389,130.8875,32.9415,130.905,32.9357,130.905,32.9135,130.9163,32.9135,130.9162,32.9024,130.9495,32.8802,130.9498,32.8739,130.9343,32.8658,130.9224,32.8481,130.9051,32.8422,130.8828,32.8023
U|130.6294,32.8276,130.6481,32.8538,130.6494,32.869,130.6407,32.8692,130.575,32.8282,130.5161,32.8685,130.4702,32.9097,130.4413,32.9237,130.4331,32.9417,130.4285,33.0505,130.4207,33.0876,130.3794,33.1079,130.3648,33.1403,130.2904,33.1496,130.2414,33.1882,130.2193,33.1595,130.1509,33.1119,130.1276,33.1209,130.1319,33.102,130.1612,33.0522,130.1324,33.0774,130.1028,33.0653,130.094,33.0689,130.094,33.0801,130.0717,33.0801,130.0717,33.0911,130.0385,33.1134,130.0216,33.1043,130.0221,33.078,130.0051,33.0689,129.9884,33.069,129.9606,33.0912,129.9599,33.1071,129.9775,33.1225,129.9886,33.147,130.0236,33.135,130.0495,33.1357,130.0463,33.1438,130.0046,33.1763,129.9495,33.1689,129.9384,33.1912,129.9606,33.2023,129.9542,33.2265,129.9607,33.2357,129.995,33.2311,130.0037,33.2203,130.0051,33.2023,130.0179,33.2019,130.0495,33.2245,130.1246,33.2304,130.1384,33.2467,130.1346,33.2544,130.1051,33.2578,130.094,33.28,130.0546,33.3047,130.0495,33.3245,130.1162,33.3134,130.1215,33.3041,130.1496,33.2912,130.1939,33.3134,130.2273,33.3023,130.2717,33.3245,130.3272,33.3245,130.3384,33.3357,130.3607,33.3356,130.3807,33.3527,130.4332,33.3602,130.4382,33.369,130.4718,33.3801,130.5071,33.4146,130.5165,33.4377,130.5051,33.4578,130.4938,33.4578,130.4938,33.4689,130.4717,33.4689,130.4717,33.48,130.4188,33.4822,130.3964,33.4894,130.3827,33.5133,130.3607,33.48,130.3351,33.488,130.3179,33.504,130.2939,33.5466,130.2766,33.5407,130.2256,33.4944,130.1496,33.4911,130.1422,33.5001,130.1492,33.5228,130.168,33.5341,130.1742,33.5469,130.1439,33.5429,130.1419,33.5646,130.1676,33.603,130.1899,33.6219,130.2272,33.6348,130.2314,33.6188,130.2515,33.608,130.2719,33.6117,130.2755,33.6034,130.2654,33.5886,130.2903,33.5742,130.3153,33.5974,130.358,33.5973,130.3909,33.6049,130.3995,33.6161,130.4075,33.6505,130.3987,33.6691,130.349,33.6411,130.3184,33.6584,130.307,33.6554,130.2949,33.6644,130.2893,33.6815,130.2943,33.6892,130.305,33.6874,130.3106,33.6726,130.3455,33.6625,130.3865,33.6772,130.4287,33.7137,130.4446,33.7182,130.4677,33.7436,130.47,33.7629,130.4668,33.7804,130.448,33.7899,130.4496,33.8022,130.4722,33.8175,130.4889,33.8554,130.4971,33.8481,130.5266,33.8594,130.5632,33.8603,130.5717,33.8578,130.5857,33.8248,130.605,33.8244,130.6116,33.8299,130.598,33.8518,130.6161,33.8803,130.6331,33.8825,130.668,33.9137,130.7256,33.9269,130.7152,33.938,130.7315,33.9318,130.756,33.9437,130.8282,33.9396,130.8213,33.9203,130.8614,33.9256,130.8809,33.8959,130.897,33.8893,130.9261,33.8991,130.9414,33.9168,130.9495,33.9382,130.9766,33.9574,131.0071,33.9661,131.0187,33.9563,131.0153,33.9351,130.9929,33.8977
U|131.0717,34.0577,131.067,34.0386,131.0356,34.048,131.014,34.0148,130.9321,33.9454,130.9263,33.9227,130.9158,33.914,130.8794,33.9379,130.8802,33.9504,130.8994,33.9499,130.9096,33.9737,130.9077,33.9849,130.9171,34.0109,130.9053,34.0296,130.9126,34.0533,130.9074,34.0608,131.0005,34.0556,131.0394,34.0698,131.0717,34.0577
U|127.3612,34.8242,127.3388,34.8354,127.3503,34.8519,127.3723,34.8576,127.3612,34.8242
U|127.3723,34.8575,127.3722,34.8909,127.3475,34.9148,127.35,34.9354,127.3666,34.9241,127.3876,34.8895,127.4055,34.8798,127.4026,34.8686,127.3723,34.8575
U|130.0274,32.8913,130.0705,32.89,130.0941,32.8691,130.1162,32.8913,130.1384,32.9024,130.1564,32.9342,130.1717,32.9357,130.1605,32.9065,130.1053,32.8759,130.1295,32.8597,130.1257,32.8442,130.1189,32.8419,130.1297,32.8197,130.1273,32.8134,130.094,32.8134,130.0813,32.8013
U|129.7764,32.8033,129.7645,32.8157,129.7683,32.8434,129.7839,32.8902,129.7942,32.8998,129.7936,32.9097,129.8038,32.9025,129.8075,32.8859,129.7944,32.8749,129.8454,32.8383,129.8687,32.853,129.8832,32.8757,129.9879,32.8417,130.0031,32.8454,129.9312,32.9289,129.9297,32.9576,129.9476,32.9951,129.9456,33.0158,129.9326,33.0239,129.9655,33.024,130.0051,33.0024,130.0051,32.9801,130.0164,32.969,130.0274,32.8913
U|129.9272,32.8564,129.9263,32.8073
U|129.9513,32.8083,129.9625,32.8419,129.9272,32.8564
U|128.3841,37.2182,128.3832,37.2016,128.3721,37.2016,128.3609,37.1682,128.3166,37.1682,128.2832,37.1571,128.2846,37.1415,128.3054,37.1016,128.3092,37.0748,128.3609,37.0572,128.3721,37.0239,128.3974,37.0037,128.4047,36.9883,128.3943,36.9683,128.3789,36.9581,128.3637,36.9603,128.3403,36.9852,128.3053,36.9905,128.2831,37.0127,128.2609,37.0127,128.2469,37.0513,128.2276,37.0682,128.2165,37.1127,128.0943,37.1238,128.0963,37.1412,128.1165,37.1794,128.1384,37.1791,128.1892,37.1568,128.1974,37.1728,128.2165,37.1794,128.2165,37.1905,128.2276,37.1905,128.2276,37.2016,128.2831,37.235,128.3053,37.2683,128.3721,37.2683,128.3841,37.2182
U|128.0055,37.5127,128.0166,37.5016,128.0055,37.4571,128.0388,37.4349,128.0166,37.4015,128.0327,37.3561,128.0277,37.3349,127.9833,37.3238,127.9833,37.3015,127.9722,37.3015,127.9611,37.2793,127.949,37.279,127.9165,37.3015,127.8623,37.3046,127.85,37.3015,127.836,37.2816,127.8276,37.2793,127.7796,37.303,127.7722,37.3015,127.7722,37.2904,127.75,37.3015,127.7567,37.3257,127.8165,37.346,127.8214,37.3557,127.8388,37.3572,127.8952,37.4295,127.9275,37.4349,127.9192,37.4865,127.9275,37.5016,127.9388,37.5016,127.9388,37.5127,127.95,37.5127,127.961,37.5349,127.988,37.5288,128.0055,37.5127
U|126.3923,34.7686,126.4681,34.7559,126.4463,34.7287,126.4154,34.739,126.3901,34.7334,126.3671,34.7397,126.364,34.7492,126.3783,34.7639,126.3923,34.7686
U|126.478,34.8105,126.4561,34.8007,126.4295,34.8056,126.421,34.8023,126.4193,34.792,126.384,34.7863,126.3735,34.7907,126.3701,34.8013,126.4093,34.8445,126.411,34.8789,126.4843,34.8433,126.4906,34.8255,126.478,34.8105
U|129.3809,36.0415,129.4331,35.9961,129.4533,35.9933,129.4741,36.0065,129.4961,35.9877,129.4949,35.9764,129.4608,35.9573,129.4386,35.9573,129.4248,35.9385,129.3843,35.931,129.3577,35.9349,129.341,35.9499,129.3385,35.9795,129.3078,35.9797,129.2885,35.9686,129.272,35.9241,129.2825,35.9119,129.3275,35.8908,129.3385,35.8602,129.3497,35.8574,129.3383,35.8409,129.3163,35.8352,129.3176,35.8203,129.3596,35.7667,129.3694,35.7483,129.372,35.724,129.3386,35.7462,129.3315,35.7266,129.372,35.713,129.3831,35.6575,129.4386,35.6352,129.4386,35.6241,129.4485,35.6245,129.4606,35.6093,129.4673,35.5997,129.4614,35.5521,129.4546,35.5133,129.428,35.4787,129.4129,35.4721,129.4004,35.5126,129.3875,35.5299,129.3735,35.5328,129.3652,35.5133,129.3871,35.5023,129.3918,35.4757,129.3875,35.4623,129.3578,35.4518,129.3646,35.4069,129.3505,35.3877,129.2941,35.4018,129.2875,35.4013,129.2829,35.3908,129.2497,35.413,129.2481,35.4395,129.2611,35.508,129.2176,35.5416,129.2048,35.5786,129.2052,35.6019,129.2865,35.6133,129.3053,35.6241,129.3258,35.6654,129.3162,35.6907,129.2941,35.7018,129.3065,35.7346,129.3053,35.7463,129.2958,35.7512,129.2829,35.7795,129.2609,35.7685,129.2384,35.7796,129.2448,35.7873,129.2671,35.7929,129.2719,35.8018,129.2592,35.8187,129.1733,35.8031,129.1608,35.8129,129.104,35.8256,129.091,35.8422,129.0719,35.8463,129.069,35.8594,129.083,35.8907,129.0719,35.9018,129.0719,35.9241,129.0979,35.9222,129.1164,35.9129,129.1275,35.9019,129.1275,35.8797,129.1436,35.878,129.1695,35.8868,129.183,35.8797,129.1898,35.884,129.183,35.9129,129.2052,35.9241,129.2187,35.9435,129.247,35.9513,129.2498,35.9629,129.2385,35.9684,129.2274,35.9573,129.1941,35.9906,129.1759,35.9826,129.1657,36.0127,129.1497,36.024,129.1608,36.0463,129.184,36.0345,129.1942,36.0351,129.199,36.045,129.2314,36.0476,129.2497,36.0351,129.3274,36.1018,129.3277,36.1082,129.3162,36.1129,129.3183,36.14,129.3614,36.1634,129.3987,36.1725,129.4039,36.1676,129.4171,36.1076,129.4305,36.0974,129.4187,36.073,129.3818,36.0552,129.3809,36.0415
U|128.6223,36.6094,128.6498,36.5906,128.6831,36.6018,128.7053,36.6018,128.7053,36.6129,128.7276,36.6018,128.7439,36.5844,128.7868,36.5927,128.7943,36.6018,128.8068,36.5895,128.794,36.5556,128.7943,36.535,128.7057,36.5371,128.6411,36.5561,128.6275,36.5683,128.6275,36.5795,128.6053,36.5795,128.6053,36.5905,128.5711,36.5833,128.572,36.6018,128.5871,36.6034,128.5942,36.6129,128.6115,36.6174,128.6223,36.6094
U|131.7972,34.0874,131.8048,34.0688,131.8494,34.0688,131.8603,34.0467,131.8825,34.0467,131.8826,34.0356,131.9604,34.0356,131.9494,34.0021,131.9586,33.9919,131.987,33.9992,131.9937,33.9911,131.9892,33.9768,131.9536,33.937,131.9309,33.957,131.8936,33.9714,131.8521,33.9984,131.8376,33.9955,131.8369,34.0036,131.8135,34.0112,131.8239,34.0202,131.8228,34.0267,131.7996,34.0377,131.7415,34.0562,131.6947,34.046,131.694,34.079,131.7023,34.0785,131.715,34.0908,131.7492,34.0799,131.7809,34.0909,131.7972,34.0874
U|132.1945,34.0993,132.1824,34.1021,132.1824,34.1243,132.1714,34.1355,132.1714,34.1465,132.1603,34.1465,132.1674,34.168,132.1824,34.1799,132.1825,34.1911
U|132.0834,34.8732,132.0638,34.8803,132.0633,34.9075,132.1087,34.9413,132.1268,34.9328,132.1337,34.9271,132.1373,34.9084,132.1237,34.8912,132.0834,34.8732
R|127.1344,39.1227,127.1509,39.1103
R|125.8558,39.1887,125.8352,39.1845,125.8228,39.1722,125.7981,39.1309,125.7651,39.0938,125.7404,39.0773,125.728,39.0773
R|125.6909,39.1722,125.7156,39.1433,125.728,39.0773
R|127.1509,39.1103,127.1633,39.0897,127.2087,39.0856,127.2458,39.0732,127.3159,39.0814,127.3406,39.0897,127.3736,39.135,127.419,39.1557
R|125.728,39.0773,125.7362,39.0402
R|125.7362,39.0402,125.7362,39.0319
R|125.7156,39.0361,125.7362,39.0319
R|125.7362,39.0319,125.7734,39.0237,125.7981,39.0072,125.8063,38.9907
R|125.5135,38.9494,125.5465,38.9701,125.5713,38.9701,125.662,39.0319,125.7156,39.0361
R|125.7362,39.0319,125.761,38.9989,125.7651,38.9701,125.7857,38.933,125.7898,38.9,125.7816,38.8587
R|125.8063,38.9907,125.8105,38.9701,125.8063,38.9494,125.8228,38.9288,125.9136,38.867,125.9631,38.8587,126.0126,38.8587,126.0909,38.8298,126.2147,38.8628,126.2518,38.8257,126.2972,38.8216
R|125.3857,38.7515,125.4269,38.8298,125.4393,38.8835,125.4558,38.9,125.4929,38.9165,125.5135,38.9494
R|126.9777,38.7309,127.0231,38.768,127.056,38.8381,127.0602,38.8711,127.0849,38.933,127.0932,38.9783,127.1427,39.0897,127.1344,39.1227
R|125.3815,38.7226,125.3857,38.7515
R|126.2972,38.8216,126.3631,38.7927,126.4209,38.7803,126.4415,38.768,126.4951,38.7597,126.6312,38.7185
R|126.6312,38.7185,126.656,38.7226,126.6807,38.7432,126.755,38.8752,126.7838,38.9041,126.8086,38.9206,126.8539,38.9371,126.9323,38.9577,126.9942,38.9907,127.0189,39.0113,127.0849,39.1021,127.1344,39.1227
R|125.7816,38.8587,125.794,38.8092,125.794,38.7845,125.761,38.6484
R|125.761,38.6484,125.7569,38.6319,125.7239,38.5906,125.7404,38.4916,125.7486,38.4834
R|125.7486,38.4834,125.7857,38.4793,125.8311,38.4504,125.8558,38.4421,125.9012,38.471,125.9425,38.4669,125.9837,38.4751,126.0579,38.4504
R|126.0579,38.4504,126.0909,38.4421,126.1322,38.4545,126.1652,38.4545,126.2023,38.438,126.2147,38.4174
R|126.2147,38.4174,126.227,38.3968,126.3178,38.3803,126.3425,38.3679,126.3879,38.3267
R|126.3879,38.3267,126.4168,38.2978,126.425,38.2648,126.4209,38.2359,126.425,38.2071,126.4415,38.1864,126.4456,38.1658
R|126.4456,38.1658,126.4498,38.0709,126.4951,38.0338,126.5281,37.9637
R|126.5281,37.9637,126.5776,37.9555
R|126.5776,37.9555,126.6684,37.9431,126.7055,37.9307,126.7096,37.8812,126.755,37.8771,126.7673,37.8689,126.7715,37.7905
R|128.8914,37.7451,128.8337,37.7245
R|127.8727,37.6874,127.7654,37.7575,127.7613,37.7699,127.7654,37.8152,127.7448,37.873
R|128.8337,37.7245,128.8213,37.7162,128.7924,37.7162,128.7264,37.6668,128.5078,37.6338
R|128.5078,37.6338,128.4955,37.6338
R|128.4955,37.6338,128.4254,37.6131,128.4006,37.5925
R|127.155,37.6008,127.1097,37.5843,127.0519,37.5801,126.9983,37.5554
R|127.0519,37.7492,127.0313,37.6585,127.0024,37.6049,126.9983,37.5554
R|126.7715,37.7905,126.788,37.7534,126.8086,37.7369,126.8333,37.6956,126.8622,37.6874,126.8746,37.6544,126.8952,37.6338,126.9034,37.6131,126.9241,37.5884,126.9736,37.5554
R|129.0811,37.5513,129.0481,37.5678,128.9986,37.6049,128.9822,37.6255,128.978,37.6379,128.9822,37.6668,128.9739,37.6956,128.9533,37.708,128.8997,37.7245,128.8914,37.7451
R|126.9736,37.5554,126.9818,37.5471
R|126.9818,37.5471,126.9942,37.5348
R|127.9593,37.5183,127.9552,37.5471,127.9428,37.5678,127.9345,37.576,127.8933,37.5843,127.8851,37.6049,127.8851,37.6915
R|126.9818,37.5471,126.9282,37.5142,126.8952,37.51
R|126.8952,37.51,126.7013,37.5059
R|126.7013,37.5059,126.689,37.5018,126.6848,37.4853,126.6725,37.4729,126.6436,37.4647,126.6312,37.4729
R|128.4006,37.5925,128.347,37.543,128.2769,37.4977,128.1944,37.4688,128.0005,37.4275,127.9675,37.3945,127.9428,37.3863
R|127.9428,37.3863,127.9717,37.4605,127.9634,37.477,127.951,37.4853
R|127.9304,37.3409,127.9263,37.3657,127.9428,37.3863
R|127.9428,37.3863,127.8892,37.3698,127.8644,37.3533,127.8438,37.3286
R|126.9942,37.5348,127.0313,37.4977,127.0808,37.4069,127.0973,37.3533,127.1014,37.2791
R|127.1014,37.2791,127.1014,37.2667
R|127.8438,37.3286,127.7984,37.2667,127.7737,37.2502,127.7489,37.2461,127.6953,37.2626,127.6458,37.2584
R|127.6458,37.2584,127.5716,37.2419,127.4891,37.2543,127.4561,37.2502
R|127.3365,37.2419,127.254,37.2461,127.1963,37.2708,127.1592,37.2791,127.1138,37.2749,127.1014,37.2791
R|127.4561,37.2502,127.4149,37.2378,127.3365,37.2419
R|128.0954,37.1471,128.0707,37.2048,127.9882,37.2584,127.951,37.2997,127.9387,37.3244
R|128.0954,37.1471,128.1243,37.1388,128.149,37.143,128.1738,37.1388,128.182,37.1265
R|127.9387,37.0605,127.9758,37.0893,128.0047,37.1265,128.0294,37.143,128.0954,37.1471
R|127.1014,37.2667,127.0849,37.1347,127.1427,36.9903
R|127.9304,36.9409,127.9304,36.9656,127.8974,37.0068,127.8933,37.0275,127.9057,37.0481,127.9387,37.0605
R|128.182,37.1265,128.1985,37.1017,128.2356,37.0852,128.2769,37.0481,128.3016,36.9986,128.3511,36.9656,128.3387,36.9202
R|127.984,36.8914,127.951,36.9161,127.9304,36.9409
R|127.1427,36.9903,127.1757,36.8914,127.1798,36.8625,127.1757,36.8254
R|128.3387,36.9202,128.3635,36.912,128.4047,36.9161,128.4171,36.912,128.4377,36.8996,128.4583,36.8749,128.4955,36.8584,128.5408,36.8254,128.6151,36.8006
R|127.0024,36.7594,127.0602,36.747,127.1303,36.7759,127.1385,36.8047
R|126.8581,36.7223,126.9736,36.7676,127.0024,36.7594
R|127.1592,36.681,127.1674,36.7841,127.1509,36.813
R|127.1757,36.8254,127.1715,36.7965,127.1757,36.7759,127.1963,36.7676,127.2128,36.747,127.2293,36.7429,127.2499,36.747,127.3324,36.714,127.3613,36.681,127.3778,36.6315,127.3942,36.6109
R|126.7178,36.6027,126.7508,36.6398,126.8127,36.6645,126.8251,36.6851
R|128.1903,36.5944,128.1531,36.6233,128.1325,36.648,128.0913,36.714,128.0129,36.7635,128.0212,36.7841,128.0212,36.8171,127.9964,36.8501,127.9964,36.879
R|126.6766,36.5862,126.7178,36.6027
R|127.1592,36.681,127.1674,36.6686,127.2251,36.6604,127.2416,36.648,127.254,36.6274,127.2623,36.5779,127.2746,36.5697
R|128.6151,36.8006,128.6275,36.7965,128.6316,36.7759,128.6522,36.7676,128.6769,36.7388,128.6976,36.7264,128.6934,36.6356,128.7017,36.5903,128.7182,36.5532
R|127.5304,36.5532,127.5097,36.6027,127.4932,36.6233,127.4809,36.6233
R|127.5304,36.5532,127.5262,36.5449
R|127.3942,36.6109,127.4149,36.5408
R|127.287,36.549,127.1922,36.4872,127.1509,36.4872
R|127.1468,36.4665,127.1509,36.4872
R|127.5262,36.5449,127.5386,36.5449,127.5881,36.5037,127.6087,36.4542,127.6417,36.4624,127.6912,36.4624,127.7201,36.483
R|127.1468,36.45,127.1468,36.4665
R|127.4149,36.5408,127.419,36.5202,127.4107,36.4459
R|128.1903,36.5944,128.1861,36.5697,128.1655,36.549,128.1573,36.5284,128.1531,36.5037,128.1614,36.45,128.1531,36.4047
R|127.4107,36.4459,127.4149,36.3964
R|127.4149,36.3964,127.3942,36.3964
R|127.7201,36.483,127.7407,36.483,127.8067,36.4253,127.8314,36.4253,127.8727,36.4377,127.9428,36.4294,127.9675,36.4336,127.9923,36.4212,128.0088,36.4006,128.0377,36.3882,128.0748,36.3841,128.1531,36.4047
R|127.3942,36.3964,127.353,36.3923,127.3159,36.3758
R|127.287,36.549,127.287,36.5284,127.2705,36.4872,127.2788,36.4418,127.3159,36.3758
R|127.3159,36.3758,127.3159,36.3593
R|128.7182,36.5532,128.7058,36.5367,128.6769,36.5284,128.6604,36.5037,128.6604,36.4047,128.6852,36.3552
R|126.5982,36.3511,126.5776,36.4047,126.5941,36.4377,126.6065,36.4954,126.6354,36.5573,126.6766,36.5862
R|127.3159,36.3593,127.32,36.3387,127.3035,36.3222,127.2953,36.2644
R|127.4149,36.3964,127.4149,36.3758,127.4314,36.3593,127.4561,36.3511,127.5056,36.3469,127.5427,36.3304,127.5634,36.3098,127.5922,36.2933,127.6335,36.2768,127.7077,36.2603,127.7861,36.2768,127.8314,36.2521
R|127.8314,36.2521,127.8603,36.2232,127.9098,36.1985
R|128.6852,36.3469,128.7017,36.3428,128.7058,36.3263,128.7017,36.3057,128.6893,36.3016,128.6852,36.2809,128.6934,36.2397,128.6811,36.1943
R|127.1674,36.4418,127.155,36.4129,127.155,36.3593,127.1427,36.3181,127.1509,36.2974,127.1427,36.2768,127.0932,36.2191,127.056,36.1902
R|128.5738,36.182,128.6811,36.1943
R|128.1531,36.4047,128.149,36.3882,128.0872,36.2892,128.083,36.2397,128.1036,36.1778,128.1119,36.1283
R|127.9098,36.1985,127.9758,36.2067,127.9882,36.2026,128.0129,36.1696,128.0377,36.149,128.0789,36.1325,128.1119,36.1283
R|127.0849,36.1778,126.9777,36.1242
R|128.5738,36.182,128.5862,36.1242,128.5532,36.0871
R|126.6766,36.0624,126.656,36.0747,126.6436,36.0953,126.6147,36.1036,126.6065,36.1118,126.6106,36.1572,126.6065,36.1737,126.5776,36.2273,126.5982,36.3511
R|126.689,36.0417,126.6766,36.0624
R|126.6972,36.0046,126.689,36.0417
R|129.2296,35.9922,129.1471,35.984,129.0688,36.0005,129.011,35.9922,128.9327,35.9634
R|126.8127,35.9427,126.6931,35.9675,126.6601,35.951,126.6436,35.9345,126.6271,35.9015
R|127.2953,36.2644,127.2746,36.2191,127.2169,36.1613,127.1097,36.0953,127.0973,36.0417,127.1014,35.9922,127.0973,35.9427,127.089,35.9139,127.0643,35.8891
R|128.5532,36.0871,128.5285,36.0459,128.5243,36.017,128.5491,35.9551,128.5532,35.9139,128.5491,35.885
R|126.9777,36.1242,126.9736,36.0995,126.9777,36.0541,126.9653,36.0005,126.9736,35.9634,126.9488,35.9098,126.9447,35.885
R|126.9447,35.885,126.8993,35.918,126.8292,35.9386
R|128.5367,35.8809,128.5491,35.885
R|128.1119,36.1283,128.1449,36.1242,128.1985,36.1531,128.2233,36.1572,128.2645,36.1531,128.3387,36.1242,128.3552,36.0953,128.3594,36.0706,128.3965,36.0582,128.4666,35.8974,128.5078,35.8768,128.5367,35.8809
R|128.5491,35.885,128.578,35.8974,128.6151,35.8933,128.7017,35.8644
R|128.9327,35.9634,128.879,35.9262,128.8419,35.9098,128.7759,35.9015,128.7182,35.8603
R|128.7017,35.8644,128.7182,35.8603
R|127.0643,35.8891,127.0519,35.8726,127.0519,35.852
R|127.0519,35.852,126.9942,35.8561,126.9653,35.8644,126.9447,35.885
R|127.0602,35.852,127.0643,35.8891
R|127.0602,35.852,127.0519,35.852
R|127.1385,35.7943,127.1262,35.7984,127.0973,35.8314,127.0602,35.852
R|126.9447,35.885,126.8828,35.786
R|128.5367,35.8809,128.5243,35.8149,128.4996,35.786,128.479,35.7819
R|127.0519,35.852,127.0395,35.8025,127.0148,35.7901,126.9983,35.7736
R|128.7182,35.8603,128.7429,35.852,128.7842,35.852,128.8625,35.8685,128.9285,35.8933,128.9533,35.8974,128.9904,35.8933,129.0605,35.8396,129.1348,35.7984,129.1719,35.786,129.1842,35.7736
R|127.4355,35.786,127.3984,35.7654,127.353,35.786,127.3241,35.7819,127.3035,35.7901,127.287,35.8231,127.2705,35.8438,127.2581,35.8479,127.2334,35.8396,127.1674,35.7984,127.1385,35.7943
R|126.8828,35.786,126.8663,35.786,126.8003,35.7448,126.7632,35.7406,126.7467,35.7324
R|127.6046,35.7159,127.5592,35.7448,127.5304,35.7448,127.4644,35.786,127.4355,35.786
R|128.479,35.7819,128.38,35.7736,128.3387,35.7489,128.3016,35.6994,128.2604,35.7035
R|128.7017,35.8644,128.7099,35.8479,128.7512,35.8108,128.7594,35.7943,128.7471,35.786,128.7512,35.7489,128.7264,35.7324,128.7182,35.7077,128.7223,35.6953,128.7512,35.6705
R|126.9983,35.7736,126.9859,35.7613,126.9612,35.687,126.9406,35.654
R|128.2604,35.7035,128.1738,35.7118,128.0542,35.6953,128.0047,35.6994,127.9799,35.687,127.951,35.654
R|127.9057,35.6747,127.9345,35.6705,127.951,35.654
R|126.9406,35.654,126.9364,35.6499
R|127.9057,35.6747,127.8356,35.6664,127.8232,35.6582,127.8026,35.6128
R|127.8026,35.6128,127.7201,35.6293,127.6953,35.687,127.6458,35.7118,127.6046,35.7159
R|126.9364,35.6499,126.8333,35.5715
R|129.1842,35.7736,129.1884,35.7489,129.1842,35.654,129.1471,35.5592
R|127.951,35.654,127.9181,35.5963,127.9016,35.5757,127.8768,35.5592,127.7778,35.5427
R|127.8026,35.6128,127.7902,35.5922,127.7778,35.5427
R|128.479,35.7819,128.479,35.7324,128.446,35.6829,128.4377,35.6499,128.4707,35.5963,128.4831,35.5303
R|126.7467,35.7324,126.6848,35.6499,126.6807,35.621,126.7178,35.5303
R|128.7512,35.6705,128.7677,35.621,128.7594,35.5674,128.7883,35.5262,128.7842,35.5056
R|127.7778,35.5427,127.6953,35.5551,127.6706,35.5509,127.6293,35.5386,127.6087,35.5014,127.5881,35.4808,127.5634,35.4767,127.5427,35.4932,127.4437,35.4519
R|127.4437,35.4519,127.419,35.4437
R|127.419,35.4437,127.3654,35.4189
R|128.4831,35.5303,128.512,35.4643,128.512,35.4272,128.4955,35.3983
R|127.3654,35.4189,127.2746,35.3859,127.1468,35.3653
R|128.7842,35.5056,128.7677,35.4767,128.7883,35.4148,128.7801,35.4024,128.7058,35.3818,128.6976,35.3736,128.6976,35.3612,128.7388,35.3158,128.7388,35.3076
R|129.1471,35.5592,129.0729,35.4189,129.0605,35.3777,129.0564,35.3241,129.0688,35.3035,129.1183,35.2746
R|128.7388,35.3076,128.6893,35.2787,128.6687,35.2581
R|128.4955,35.3983,128.4748,35.3653,128.5161,35.2911,128.5161,35.2581
R|128.5161,35.2581,128.5573,35.254,128.6192,35.2746,128.6687,35.2581
R|126.7178,35.5303,126.7096,35.4354,126.689,35.3901,126.5487,35.2952,126.5157,35.2663,126.5157,35.254
R|127.1468,35.3653,127.056,35.3406,127.0024,35.2993,126.9777,35.2705,126.9653,35.221,126.9694,35.2003
R|128.6687,35.2581,128.7306,35.2622,128.7429,35.254,128.7636,35.221,128.7966,35.2003
R|128.912,35.2003,128.9698,35.2003
R|128.7966,35.2003,128.8089,35.1962,128.912,35.2003
R|127.7778,35.5221,127.7861,35.5097,127.8273,35.4891,127.8479,35.4231,127.8644,35.3983,127.9016,35.3695,127.9593,35.287,128.0212,35.221,128.0624,35.188
R|126.9694,35.2003,127.0148,35.2251,127.122,35.2333,127.1798,35.2127,127.221,35.1756
R|129.1183,35.2746,129.1265,35.2622,129.1018,35.2168,129.0935,35.188,129.0976,35.1715
R|128.9698,35.2003,129.0976,35.1715
R|126.9076,35.1674,126.9694,35.2003
R|126.8333,35.5715,126.8086,35.5427,126.7838,35.4684,126.7797,35.3818,126.8003,35.3406,126.7962,35.32,126.7715,35.2911,126.7632,35.2663,126.7921,35.2251,126.8581,35.1756,126.8828,35.1674,126.9076,35.1674
R|128.1366,35.1591,128.2068,35.1715,128.2769,35.2416,128.3305,35.2663,128.4542,35.2663,128.5161,35.2581
R|128.1119,35.1467,128.1366,35.1591
R|128.0624,35.188,128.1119,35.1467
R|128.083,35.1179,128.1119,35.1467
R|127.221,35.1756,127.2581,35.1055,127.254,35.0766
R|126.8952,35.1344,126.8993,35.089,126.8952,35.0807,126.8828,35.0684,126.8416,35.0684,126.8416,35.0436,126.8251,35.023,126.7797,35.0147,126.722,35.0189,126.6931,35.0065
R|126.5157,35.254,126.5116,35.2003,126.4993,35.1632,126.4993,35.0972,126.5364,35.0354,126.5364,35.0024
R|127.254,35.0766,127.2623,35.0519,127.3571,35.0106,127.4479,34.9983
R|126.6931,35.0065,126.6519,34.9941,126.6024,35.0189,126.5694,35.023,126.5364,35.0024
R|127.7861,34.9941,127.8191,35.0147,127.9181,35.0271,128.0129,35.0642,128.083,35.1179
R|127.4479,34.9983,127.5634,34.9653
R|127.5634,34.9653,127.6005,34.9611,127.6747,34.9818,127.7201,34.9859,127.7489,34.9776,127.7861,34.9941
R|128.3387,34.9488,128.2851,34.9653,128.1861,34.9776,128.1408,34.9694,128.1284,34.9611,128.1201,34.9364,128.1036,34.924,128.0748,34.9281,128.0624,34.9364,128.0583,34.9488,128.0665,34.9611,128.0624,35.0312,128.083,35.0807,128.083,35.1179
R|126.5364,35.0024,126.4539,34.957,126.4456,34.9446,126.4333,34.9158,126.4498,34.8621,126.425,34.8209
R|132.1291,34.8993,132.1827,34.8951
R|132.1703,34.4786,132.1538,34.4703,132.1167,34.4291,132.0878,34.4126,132.0425,34.4002,131.9682,34.3425,131.9517,34.3383,131.927,34.3548,131.8692,34.3301,131.8775,34.2724,131.8734,34.2476,131.8363,34.2311,131.7991,34.2022,131.7331,34.194,131.6878,34.2022,131.6465,34.1857,131.597,34.2022,131.5558,34.161,131.4692,34.1198
R|131.4692,34.1198,131.4362,34.1198,131.4073,34.1321
R|131.7991,34.095,131.7414,34.095,131.7001,34.0826
R|132.158,34.1734,132.1373,34.161,132.1208,34.1115,132.1002,34.1033,132.0383,34.095,132.0136,34.0868,132.0012,34.0744
R|132.0012,34.0744,131.96,34.0785,131.8981,34.1115,131.8569,34.1239,131.8239,34.1156,131.7991,34.095
R|131.4692,34.1198,131.4898,34.0909,131.5475,34.0744,131.597,34.0785,131.6424,34.0744,131.7001,34.0826
R|131.4073,34.1321,131.3661,34.161,131.3166,34.1734,131.2588,34.1321,131.1269,34.095,131.0939,34.0909,131.065,34.0744,131.0031,34.0249,130.9907,34.0084,130.9866,33.996,131.0155,33.9342,131.0196,33.897,131.0031,33.8723,130.9701,33.8517,130.9413,33.8228
R|130.9413,33.8228,130.9206,33.8063,130.8753,33.8063
R|130.8753,33.8063,130.7433,33.7651,130.6567,33.7568,130.5453,33.7279,130.5247,33.7114,130.5123,33.6743,130.5206,33.6124
R|130.5206,33.6124,130.4999,33.6166,130.4298,33.5877,130.3803,33.5836
R|130.5824,33.3939,130.603,33.4104,130.636,33.4186,130.6649,33.4104
R|130.5206,33.6124,130.5412,33.5547,130.5247,33.5052,130.5412,33.4598,130.5701,33.4392,130.5824,33.3939
R|130.5824,33.3939,130.5824,33.3815
R|130.6649,33.4104,130.7474,33.3732
R|130.6649,33.4104,130.6484,33.3897,130.5866,33.3526
R|130.5824,33.3815,130.5866,33.3526
R|130.5824,33.3939,130.5659,33.4062,130.5288,33.398,130.4917,33.3732,130.4133,33.3609,130.3185,33.3196
R|131.2588,33.2495,131.2382,33.2536,131.23,33.2619,131.23,33.2907,131.2135,33.3114,131.0939,33.3196,130.9825,33.365,130.8959,33.3691,130.8588,33.3856,130.8258,33.3897,130.7557,33.3691,130.7474,33.3732
R|131.6259,33.233,131.5723,33.233,131.5187,33.2412,131.4857,33.2619,131.4527,33.3237,131.4279,33.3361,131.3991,33.3196,131.3619,33.3155,131.3496,33.3072,131.3207,33.266
R|130.3185,33.3196,130.1617,33.3072,130.0875,33.2289
R|130.0875,33.2289,130.0339,33.1629
R|130.0875,33.2289,130.0009,33.2083,129.9638,33.2165,129.9308,33.2,129.9019,33.2083,129.8648,33.1959,129.8235,33.1546,129.7947,33.1464,129.7699,33.1629,129.7452,33.1588,129.7287,33.1464
R|130.0339,33.1629,130.0133,33.1381
R|129.9968,33.1216,130.0133,33.1381
R|131.6259,33.233,131.6218,33.2083,131.6383,33.1835,131.6754,33.1505,131.6878,33.1216,131.6878,33.0969,131.6713,33.0639,131.6589,33.0556
R|129.9596,33.0392,129.9968,33.0804,130.005,33.101,129.9968,33.1216
R|130.005,32.9072,129.9844,32.9443,129.9761,33.002,129.9596,33.0392
R|130.005,32.8989,129.972,32.9113,129.9596,32.9278,129.9555,32.9443,129.9638,32.9979,129.9596,33.0392
R|130.005,32.9072,130.0091,32.8989
R|130.5866,33.3526,130.5907,33.3237,130.5866,33.299,130.5659,33.2412,130.5618,33.2,130.5453,33.1505,130.5659,33.0804,130.5742,33.0639,130.6608,32.9773,130.6855,32.969,130.7103,32.969,130.7268,32.9567,130.7598,32.8865,130.7886,32.8536
R|130.0091,32.8989,130.0339,32.8288,130.0174,32.8164,130.0009,32.8164
R|129.9679,32.8082,130.0009,32.8164
R|129.9679,32.8082,129.939,32.8041
R|131.7208,32.8123,131.7166,32.8371,131.7373,32.8536,131.7744,32.8618,131.7909,32.8742,131.8156,32.9278,131.8527,32.9732,131.8486,32.9897,131.795,32.9814,131.7661,32.9979,131.7373,33.002,131.7001,33.0392,131.6589,33.0556
R|130.7886,32.8536,130.8093,32.8412,130.8175,32.8288
V|128.8789,37.4051,128.8624,37.4048,128.8421,37.47,128.8252,37.4831,128.7714,37.4915,128.6791,37.462,128.6668,37.4466,128.6465,37.4403,128.6882,37.4108,128.6587,37.3882,128.6192,37.3829,128.6087,37.3903,128.5997,37.3835,128.6103,37.3716,128.605,37.3419,128.6176,37.3181,128.6327,37.3115,128.6274,37.3034,128.5951,37.2674,128.5737,37.2698,128.5571,37.26,128.5549,37.2792,128.5294,37.2849,128.523,37.2706,128.5307,37.2435,128.4998,37.2296,128.5032,37.2053,128.4712,37.1722,128.5099,37.1433,128.5294,37.1136,128.5258,37.1011,128.4981,37.0896,128.4802,37.0614,128.4215,37.0519,128.3838,37.005,128.3693,36.9957,128.3517,36.9999,128.3556,36.9821,128.3246,36.9695,128.2254,36.9571,128.1622,37.0141,128.1187,37.0013,128.0906,36.9731,128.0474,36.9527,127.9822,37.0053,127.9473,37.0215,127.895,36.9873,127.8749,36.997,127.8634,37.0213,127.8833,37.0585,127.8783,37.0767,127.834,37.0864,127.7615,37.1653,127.7436,37.2137,127.6899,37.2379,127.6724,37.2865,127.6518,37.3027,127.6455,37.2952,127.5536,37.3616,127.5283,37.4119,127.4942,37.4461,127.4876,37.482,127.4429,37.5007,127.3985,37.4945,127.3579,37.5237,127.3336,37.528,127.3028,37.5086,127.2925,37.5115,127.2545,37.5355,127.2183,37.5769,127.1831,37.5803
V|127.1831,37.5803,127.131,37.5559,127.1043,37.5081,127.088,37.5057,127.0248,37.5416,126.9734,37.5081,126.9495,37.528,126.8672,37.559,126.7555,37.6379
V|129.0568,37.042,129.0986,36.9793,129.0894,36.9628,129.0673,36.939,129.0426,36.9404,129.02,36.928,129.0268,36.9183,129.0113,36.8846,128.9434,36.8633,128.908,36.8421,128.8984,36.8129,128.9062,36.7676,128.8877,36.7486,128.8993,36.7335,128.8476,36.7227,128.8584,36.6926,128.8324,36.6905,128.8746,36.5856,128.8709,36.5761,128.7091,36.5835,128.6484,36.5977,128.5806,36.5941,128.5392,36.5626,128.5053,36.5672,128.4643,36.5571,128.4026,36.5042,128.3214,36.5537,128.2892,36.5554,128.2699,36.5257,128.253,36.4667,128.2515,36.4566,128.2629,36.4494,128.2415,36.4325,128.2551,36.4149,128.3135,36.3943,128.3165,36.3783,128.2942,36.3369,128.2966,36.3152,128.3307,36.3015,128.341,36.2571,128.3816,36.1752,128.407,36.0474,128.3991,35.949,128.4099,35.9157,128.3985,35.8802,128.4048,35.8539,128.4667,35.8375,128.4876,35.814,128.4366,35.8013,128.4121,35.7828,128.4042,35.7581,128.4514,35.6983,128.3648,35.6954,128.3704,35.6785,128.4059,35.6436,128.4041,35.6252,128.3648,35.5958,128.3677,35.5308,128.4304,35.4804,128.3901,35.4527,128.3878,35.4313,128.466,35.3775,128.5288,35.3903,128.5667,35.3767,128.6978,35.3881,128.7703,35.3546,128.8145,35.3676,128.8624,35.403,128.9263,35.3762,128.9978,35.315,129.0256,35.2632,129.0092,35.2116,128.977,35.166,128.9819,35.1365
A|127.9718,38.3,128.1085,38.3235,128.2256,38.3998,128.2811,38.4844,128.2811,38.5844,128.3649,38.6243,128.6428,38.1293,128.9238,37.8023,129.0642,37.6789,129.0733,37.613,129.1087,37.5974,129.1482,37.5051,129.19,37.4694,129.2828,37.3244,129.3311,37.2822,129.3789,37.1301,129.4341,37.0611,129.4127,37.0181,129.4739,36.7306,129.4226,36.6166,129.3472,36.6117,129.2779,36.6323,129.289,36.6561,129.2744,36.7311,129.2985,36.7829,129.2821,36.7968,129.2861,36.8196,129.1684,36.8416,129.1516,36.8813,129.0981,36.9187,129.1009,36.9759,129.1895,36.9968,129.1797,37.0199,129.1485,37.0349,129.1143,37.0413,129.061,37.0245,128.9401,37.0532,128.8817,37.0261,128.8819,37.061,128.8038,37.0929,128.7585,37.065,128.756,36.996,128.7305,36.9979,128.5585,37.0461,128.5084,37.0741,128.4207,37.0637,128.3855,37.1163,128.2895,37.1006,128.2643,37.1168,128.3219,37.1754,128.1911,37.2028,128.038,37.1508,128.0256,37.1862,127.9876,37.2183,127.9177,37.186,127.9232,37.1374,127.8885,37.1144,127.8104,37.1178,127.819,37.1661,127.607,37.1314,127.7673,37.4031,127.7692,37.4481,127.8311,37.5085,127.8048,37.534,127.5397,37.6046,127.5565,37.6778,127.53,37.671,127.5181,37.6832,127.5473,37.7103,127.5379,37.7916,127.6092,37.8266,127.6258,37.8811,127.6022,37.9098,127.5642,37.9196,127.5503,37.9492,127.4787,37.9638,127.445,38.0655,127.3664,38.0576,127.2968,38.0836,127.3071,38.1379,127.2328,38.1054,127.2002,38.1393,127.1768,38.0738,127.0823,38.1199,127.036,38.1803,126.9661,38.213,127.0267,38.2545,127.1575,38.3072,127.3771,38.3185,127.4719,38.2959,127.7537,38.3254,127.8008,38.2939,127.9718,38.3
A|126.6675,37.8278,126.6658,37.9376,126.7619,37.979,126.8473,38.082,126.9198,38.1346,126.9661,38.213,127.036,38.1803,127.0823,38.1199,127.1768,38.0738,127.2002,38.1393,127.2328,38.1054,127.3071,38.1379,127.2968,38.0836,127.3664,38.0576,127.445,38.0655,127.4787,37.9638,127.5503,37.9492,127.5642,37.9196,127.6022,37.9098,127.6258,37.8811,127.6092,37.8266,127.5379,37.7916,127.5473,37.7103,127.5181,37.6832,127.53,37.671,127.5565,37.6778,127.5397,37.6046,127.8048,37.534,127.8311,37.5085,127.7692,37.4481,127.7673,37.4031,127.6,37.1207,127.5177,37.0143,127.4926,37.0003,127.4674,37.0096,127.3896,36.9442,127.3806,36.9148,127.26,36.8789,127.2127,36.8841,127.1309,36.9258,127.0478,36.8974,126.9617,36.9051,127.0003,36.9284,127.0072,36.9526,126.9942,36.9669,127.042,36.9936,126.9822,36.9802,126.9691,36.932,126.9127,36.9296,126.8379,36.9759,126.8244,37.0026,126.8843,37.0079,126.8707,37.0215,126.911,37.0141,126.8831,37.0696,126.8905,37.0959,126.8705,37.0908,126.8491,37.0373,126.7552,37.0488,126.7645,37.1177,126.7942,37.1389,126.8635,37.1503,126.8707,37.1755,126.8298,37.1587,126.8074,37.1653,126.8023,37.1854,126.7029,37.1247,126.686,37.1393,126.7069,37.1649,126.6685,37.1618,126.6707,37.1856,126.719,37.2129,126.6802,37.2177,126.6585,37.2543,126.6721,37.2617,126.7676,37.2543,126.782,37.2202,126.8192,37.2744,126.8707,37.2679,126.8521,37.2862,126.7333,37.3062,126.6898,37.3325,126.72,37.3771,126.7721,37.3965,126.7958,37.443,126.7702,37.4638,126.7595,37.5071,126.7006,37.552,126.6038,37.5493,126.5605,37.6074,126.5349,37.7682,126.6619,37.758,126.6615,37.6724,126.7552,37.6379,126.6788,37.6863,126.7005,37.743,126.6849,37.7936,126.7,37.8297,126.6675,37.8278
A|127.1159,37.5506,127.1245,37.6033,127.1074,37.6574,127.0903,37.6808,127.0543,37.6831,127.0231,37.6772,126.966,37.6134,126.9212,37.61,126.9137,37.5769,126.8688,37.5603,126.8087,37.5772,126.7937,37.5517,126.8373,37.5062,126.8425,37.4775,126.8914,37.4601,126.9208,37.4295,126.9637,37.4283,127.0493,37.4494,127.0608,37.4285,127.1446,37.4578,127.1713,37.4894,127.1629,37.5147,127.1947,37.5432,127.1871,37.5578,127.1159,37.5506
A|126.2953,37.8025,126.3425,37.7921,126.3182,37.7623,126.2245,37.7604,126.2464,37.8118,126.2953,37.8025
A|126.3567,37.6951,126.3807,37.6692,126.3499,37.6574,126.282,37.6993,126.32,37.7472,126.3567,37.6951
A|126.5078,37.5969,126.4761,37.6111,126.4102,37.602,126.3701,37.631,126.4167,37.6518,126.367,37.7272,126.3738,37.7961,126.4071,37.8207,126.4253,37.8244,126.5164,37.7672,126.514,37.7235,126.542,37.631,126.5078,37.5969
A|124.7327,37.9805,124.742,37.955,124.7282,37.947,124.678,37.9525,124.7053,37.9327,124.6849,37.92,124.6136,37.9451,124.624,37.9805,124.7327,37.9805
A|126.0999,37.228,126.0887,37.2296,126.1047,37.2675,126.1592,37.2319,126.1216,37.2109,126.0999,37.228
A|126.4841,37.279,126.4983,37.2614,126.4695,37.2335,126.4357,37.2384,126.4435,37.2731,126.4841,37.279
A|126.6139,37.2552,126.6135,37.2328,126.5393,37.1981,126.5604,37.2393,126.543,37.285,126.5767,37.2877,126.5779,37.2711,126.6139,37.2552
A|125.6882,37.6793,125.7062,37.6723,125.6878,37.6518,125.6882,37.6793
A|124.7165,37.8469,124.7142,37.8096,124.6846,37.8,124.6765,37.8249,124.7165,37.8469
A|126.4054,36.4588,126.4321,36.4079,126.3638,36.4114,126.3776,36.4462,126.3426,36.4384,126.3638,36.4735,126.3281,36.4711,126.3148,36.5818,126.3412,36.6041,126.3602,36.6094,126.3735,36.5922,126.3643,36.567,126.3794,36.5184,126.4048,36.4933,126.3838,36.4871,126.4048,36.4796,126.4054,36.4588
A|126.8121,36.0473,126.6925,35.9999,126.6311,36.0756,126.645,36.0847,126.5894,36.1308,126.5523,36.1308,126.5292,36.1535,126.4934,36.1308,126.4974,36.16,126.5314,36.1739,126.6033,36.1718,126.5349,36.2196,126.5826,36.2947,126.5138,36.3227,126.5826,36.353,126.5762,36.3663,126.5206,36.3736,126.5007,36.3909,126.5138,36.3977,126.4988,36.4201,126.6174,36.4735,126.5591,36.4735,126.5234,36.4411,126.4977,36.4484,126.4834,36.497,126.5139,36.5288,126.4703,36.5402,126.4577,36.5956,126.5123,36.6032,126.5199,36.6262,126.4838,36.6496,126.508,36.6704,126.4745,36.6879,126.4773,36.7169,126.5007,36.7199,126.4796,36.7471,126.438,36.7165,126.4439,36.6381,126.4242,36.6066,126.3671,36.6291,126.3779,36.7026,126.3699,36.7323,126.343,36.7404,126.3243,36.6997,126.3015,36.6994,126.343,36.61,126.2953,36.5827,126.2886,36.61,126.3023,36.6344,126.273,36.6732,126.2742,36.7199,126.2293,36.6847,126.1777,36.6732,126.157,36.7021,126.2031,36.7059,126.2134,36.7267,126.1582,36.7608,126.1328,36.7038,126.1282,36.7613,126.1656,36.8161,126.1854,36.7813,126.2134,36.7813,126.1922,36.8086,126.2207,36.8017,126.24,36.8161,126.1987,36.8232,126.2134,36.857,126.1922,36.8859,126.2339,36.9042,126.23,36.873,126.2752,36.8747,126.2857,36.9611,126.3089,36.9669,126.3235,36.8832,126.3015,36.857,126.3089,36.8291,126.2817,36.8123,126.286,36.7946,126.3279,36.8046,126.3567,36.7888,126.3287,36.847,126.3394,36.857,126.3653,36.8354,126.4046,36.857,126.3773,36.8769,126.4014,36.8814,126.4192,36.9223,126.4114,36.9389,126.3539,36.9552,126.3765,36.9749,126.3357,36.9868,126.353,37,126.3914,36.9898,126.3909,37.0079,126.4454,37.0034,126.4529,36.9902,126.4324,36.962,126.4387,36.9458,126.4686,36.9576,126.4785,36.9359,126.4659,36.8669,126.4839,36.8415,126.5191,36.9479,126.5826,36.898,126.5591,36.9424,126.4934,36.997,126.5054,37.0066,126.5503,36.9731,126.573,36.9844,126.5123,37.0164,126.5007,37.055,126.6261,36.9961,126.6311,36.9116,126.665,36.9885,126.7578,36.9822,126.7962,36.9558,126.782,36.8912,126.8128,36.9169,126.8302,36.9102,126.8298,36.8393,126.8491,36.788,126.8298,36.7751,126.8508,36.754,126.8716,36.804,126.8633,36.8291,126.9048,36.8223,126.8602,36.8696,126.9617,36.9051,127.0478,36.8974,127.1309,36.9258,127.2127,36.8841,127.26,36.8789,127.3233,36.8128,127.3393,36.7648,127.3276,36.7234,127.2953,36.7077,127.2465,36.646,127.1042,36.6916,127.0809,36.6398,127.0841,36.4883,127.0598,36.4556,127.1508,36.4412,127.219,36.4562,127.2907,36.3601,127.3166,36.2332,127.4498,36.2908,127.4823,36.3745,127.5122,36.3987,127.5389,36.3902,127.4768,36.2984,127.4631,36.2321,127.4657,36.2036,127.498,36.209,127.5583,36.186,127.5759,36.0874,127.619,36.0295,127.5711,35.993,127.4325,35.9871,127.4294,36.0165,127.3834,36.0327,127.3065,36.1212,127.2763,36.0904,127.114,36.0557,127.0927,36.0825,127.1016,36.1267,127.0647,36.1326,126.8571,36.0922,126.8121,36.0473
A|126.72,37.3771,126.6647,37.3892,126.6403,37.3644,126.6151,37.3797,126.6386,37.4138,126.596,37.4397,126.595,37.4723,126.6442,37.5044,126.6065,37.4968,126.6038,37.5493,126.7006,37.552,126.7595,37.5071,126.7702,37.4638,126.7958,37.443,126.7721,37.3965,126.72,37.3771
A|126.5633,37.5144,126.5831,37.4904,126.5066,37.4656,126.4434,37.4206,126.3995,37.4449,126.365,37.4423,126.3555,37.4662,126.4189,37.4969,126.4937,37.5078,126.5148,37.5343,126.5633,37.5144
A|126.4369,35.3706,126.4182,35.394,126.4255,35.4177,126.4927,35.5253,126.5942,35.5425,126.6429,35.5728,126.6925,35.5344,126.6702,35.5887,126.5132,35.5769,126.4637,35.602,126.4676,35.6396,126.5972,35.7139,126.6251,35.7456,126.6294,35.7755,126.6622,35.793,126.7331,35.7924,126.782,35.7602,126.791,35.7914,126.7034,35.8485,126.7291,35.865,126.7971,35.8629,126.8375,35.8933,126.8098,35.9117,126.7332,35.8856,126.6123,35.8902,126.6088,35.9311,126.5697,35.946,126.5257,35.9404,126.5214,35.9705,126.7445,35.9896,126.8689,36.0475,126.8707,36.062,126.8121,36.0473,126.8571,36.0922,127.0647,36.1326,127.1016,36.1267,127.0927,36.0825,127.114,36.0557,127.2763,36.0904,127.3065,36.1212,127.3834,36.0327,127.4294,36.0165,127.4325,35.9871,127.5711,35.993,127.619,36.0295,127.7537,35.9752,127.8227,36.0046,127.852,35.987,127.8776,36.0074,127.9185,35.9508,127.9139,35.8871,127.8676,35.8342,127.7698,35.8027,127.7066,35.7348,127.6291,35.5222,127.6548,35.5133,127.6697,35.4405,127.6943,35.4138,127.6175,35.2766,127.4964,35.3331,127.431,35.291,127.2935,35.2838,127.2612,35.3015,127.1267,35.2844,127.1027,35.3054,127.104,35.3385,127.0775,35.3758,127.0864,35.4046,127.0663,35.4297,127.0368,35.4284,127.011,35.3829,126.9801,35.3826,126.9332,35.4345,126.8851,35.461,126.7913,35.4302,126.7921,35.4032,126.7514,35.3398,126.595,35.2944,126.5701,35.3012,126.5837,35.3918,126.5549,35.3982,126.4369,35.3706
A|126.2581,35.5706,126.259,35.5984,126.3073,35.6166,126.2581,35.5706
A|127.805,34.9571,127.7444,34.9602,127.7192,34.9901,127.7092,34.9404,127.6621,34.9068,127.6411,34.8991,127.6072,34.9413,127.5807,34.9337,127.5857,34.8792,127.646,34.8161,127.7,34.8423,127.7756,34.8491,127.7415,34.7256,127.7064,34.7159,127.6563,34.7313,127.6243,34.6982,127.6407,34.618,127.5608,34.6622,127.5559,34.6846,127.5845,34.7462,127.5559,34.8007,127.5354,34.8081,127.5213,34.8898,127.4839,34.8395,127.3653,34.824,127.4255,34.8007,127.3579,34.7597,127.3953,34.7567,127.406,34.7,127.4662,34.6622,127.4876,34.6369,127.4522,34.6369,127.4952,34.6232,127.5036,34.5913,127.4522,34.5748,127.3921,34.602,127.3494,34.5858,127.3579,34.5543,127.4184,34.5553,127.4392,34.5407,127.3749,34.485,127.3566,34.492,127.3278,34.4739,127.3436,34.445,127.3159,34.4449,127.2235,34.5468,127.1724,34.5276,127.1792,34.5133,127.1245,34.5407,127.1296,34.5639,127.2134,34.6369,127.1929,34.5748,127.2467,34.5837,127.261,34.63,127.2406,34.671,127.2747,34.7051,127.3145,34.6519,127.3579,34.6982,127.3316,34.7412,127.2908,34.7214,127.2481,34.7665,127.1997,34.6915,127.1362,34.6881,127.0103,34.6125,126.9867,34.5537,126.9942,34.5407,126.939,34.4959,126.9408,34.4546,126.896,34.4499,126.898,34.4177,126.8098,34.4512,126.8067,34.5685,126.7778,34.5865,126.7552,34.5577,126.766,34.5234,126.7351,34.5149,126.7615,34.4792,126.7088,34.4499,126.7271,34.4428,126.7236,34.4308,126.6902,34.4359,126.6822,34.414,126.6336,34.3957,126.6033,34.3004,126.5213,34.2942,126.5274,34.3414,126.4796,34.3488,126.5176,34.4138,126.4758,34.4333,126.4837,34.4702,126.4659,34.4724,126.4703,34.4965,126.5418,34.5133,126.5138,34.5338,126.5396,34.563,126.3909,34.5338,126.346,34.5846,126.325,34.5696,126.2953,34.5891,126.3186,34.6191,126.2711,34.6425,126.2984,34.7535,126.3196,34.7477,126.3567,34.6982,126.346,34.6677,126.3823,34.6027,126.4531,34.5838,126.4727,34.602,126.435,34.6068,126.4126,34.6298,126.4161,34.6527,126.3861,34.6358,126.3786,34.7112,126.4479,34.7059,126.4529,34.671,126.5357,34.6232,126.5191,34.6504,126.5316,34.6526,126.6236,34.63,126.5554,34.6635,126.5628,34.671,126.5084,34.7185,126.3902,34.7334,126.364,34.7492,126.3923,34.7686,126.4601,34.7788,126.5349,34.746,126.5444,34.7957,126.6382,34.788,126.6311,34.8007,126.6653,34.8081,126.6504,34.8222,126.5758,34.8218,126.5894,34.8832,126.5676,34.9014,126.5418,34.8832,126.5486,34.8491,126.5133,34.7823,126.4872,34.7871,126.5007,34.8081,126.4872,34.8138,126.3735,34.7907,126.4251,34.8907,126.4017,34.9155,126.3977,34.9515,126.4364,34.9814,126.4,34.9846,126.3706,34.9685,126.3773,34.9379,126.3633,34.9274,126.3152,34.9379,126.3289,34.9447,126.3015,34.9726,126.3492,34.9726,126.3462,34.9941,126.3741,35.0168,126.3206,35.0833,126.3015,35.0887,126.3094,35.0662,126.2883,35.053,126.2542,35.1234,126.2891,35.1394,126.3152,35.116,126.343,35.157,126.345,35.0964,126.3653,35.074,126.4114,35.0613,126.4072,35.039,126.4251,35.0198,126.4524,35.1003,126.4142,35.1197,126.3711,35.1735,126.3773,35.2116,126.3635,35.2395,126.3089,35.2333,126.3773,35.2526,126.3567,35.26,126.3804,35.2842,126.3807,35.3271,126.4114,35.3699,126.4585,35.3454,126.4369,35.3706,126.5549,35.3982,126.5837,35.3918,126.5701,35.3012,126.595,35.2944,126.7514,35.3398,126.7921,35.4032,126.7913,35.4302,126.8669,35.462,126.9332,35.4345,126.9801,35.3826,127.011,35.3829,127.0368,35.4284,127.0663,35.4297,127.0864,35.4046,127.0775,35.3758,127.104,35.3385,127.1027,35.3054,127.1267,35.2844,127.2612,35.3015,127.2935,35.2838,127.431,35.291,127.4964,35.3331,127.5604,35.3142,127.6175,35.2766,127.6121,35.2548,127.6427,35.2094,127.6469,35.1563,127.7891,35.0073,127.805,34.9571
A|126.9856,35.2388,126.934,35.2546,126.8445,35.2508,126.8229,35.2341,126.8503,35.1849,126.9047,35.1581,126.9664,35.1501,127.0058,35.193,126.9856,35.2388
A|127.173,34.4837,127.2342,34.4803,127.2419,34.4455,127.2102,34.424,127.1413,34.4243,127.1174,34.4376,127.1238,34.4552,127.1105,34.4649,127.173,34.4837
A|126.3801,34.4984,126.3459,34.409,126.3093,34.424,126.3052,34.4017,126.21,34.3588,126.1448,34.355,126.1585,34.3823,126.1243,34.4035,126.1243,34.3823,126.1033,34.4028,126.1157,34.4362,126.1442,34.4632,126.1721,34.4649,126.2266,34.5276,126.2383,34.5157,126.2683,34.522,126.2744,34.5373,126.2411,34.5665,126.2477,34.5748,126.2804,34.5683,126.3223,34.5338,126.3495,34.5468,126.3801,34.4984
A|127.7821,34.6846,127.8172,34.6308,127.7979,34.5797,127.7358,34.6252,127.7683,34.6661,127.7759,34.6915,127.7625,34.7128,127.7966,34.7142,127.7821,34.6846
A|125.989,34.7133,126.0054,34.6926,125.9769,34.6564,125.9251,34.671,125.916,34.6876,125.9767,34.7283,125.989,34.7133
A|126.0072,34.781,126.0076,34.7597,125.9461,34.7567,125.93,34.7226,125.9064,34.7193,125.8926,34.7366,125.8939,34.7623,125.9129,34.7769,125.9959,34.7908,126.0072,34.781
A|126.056,34.9136,126.0701,34.9289,126.0891,34.9113,126.0807,34.871,125.9865,34.8627,126.028,34.9099,126.056,34.9136
A|126.1106,35.0512,126.056,35.0613,126.0691,35.1024,126.1294,35.1429,126.1652,35.1435,126.1278,35.1206,126.1448,35.0825,126.1106,35.0512
A|127.3091,34.0201,127.3235,34.0058,127.2932,34.0172,127.28,34.0574,127.2957,34.0615,127.3091,34.0201
A|127.5319,34.4506,127.5364,34.4348,127.4946,34.4143,127.4522,34.453,127.4534,34.4706,127.5099,34.47,127.5319,34.4506
A|127.783,34.507,127.7918,34.492,127.7712,34.4882,127.7075,34.5339,127.7481,34.5511,127.783,34.507
A|126.1001,34.5967,126.0994,34.5587,126.0352,34.5339,126.0545,34.5489,126.0313,34.5564,126.0813,34.5808,126.0601,34.6208,126.1001,34.5967
A|126.0381,34.5695,126.0205,34.5714,126.0286,34.6342,126.0604,34.5843,126.0381,34.5695
A|125.4458,34.6885,125.4592,34.6868,125.3988,34.632,125.3934,34.6597,125.4129,34.692,125.4458,34.6885
A|126.1741,34.7328,126.1721,34.7038,126.1384,34.7235,126.1113,34.7177,126.0696,34.7697,126.1636,34.755,126.1741,34.7328
A|126.1687,34.7923,126.1463,34.7619,126.0925,34.7876,126.1494,34.8081,126.1687,34.7923
A|126.0794,34.8227,126.0671,34.8505,126.1126,34.8534,126.1228,34.8788,126.152,34.8712,126.1159,34.8031,126.0962,34.7988,126.0794,34.8227
A|126.2464,34.9162,126.2254,34.9134,126.2224,34.932,126.2532,34.9335,126.2464,34.9162
A|126.1784,35.0485,126.1724,35.0236,126.1278,35.0482,126.1784,35.0485
A|125.1277,34.0486,125.0921,34.0718,125.1022,34.0959,125.1364,34.0593,125.1277,34.0486
A|126.599,34.1686,126.6135,34.1525,126.5818,34.1574,126.5369,34.1265,126.5071,34.1389,126.5329,34.1791,126.599,34.1686
A|126.672,34.1533,126.6654,34.1191,126.6387,34.1281,126.6453,34.1972,126.6707,34.1899,126.672,34.1533
A|126.9094,34.1977,126.925,34.1849,126.9136,34.1577,126.8532,34.159,126.8679,34.2075,126.9094,34.1977
A|126.6122,34.2182,126.6066,34.1883,126.5838,34.1756,126.5498,34.1912,126.5597,34.2345,126.6122,34.2182
A|126.0887,34.3079,126.0894,34.2896,126.0693,34.279,126.0217,34.2956,126.0332,34.3149,126.0887,34.3079
A|126.8539,34.3085,126.7576,34.3361,126.8377,34.3537,126.8845,34.3455,126.8831,34.3179,126.8539,34.3085
A|127.0916,34.3449,127.0388,34.3129,127.0456,34.3354,126.9915,34.3563,127.0254,34.3813,127.0459,34.3577,127.0774,34.3593,127.0916,34.3449
A|126.7639,34.3092,126.7681,34.2892,126.689,34.3011,126.6956,34.3208,126.6449,34.3371,126.6458,34.3856,126.6702,34.4006,126.71,34.3929,126.7639,34.3092
A|126.7625,34.383,126.7532,34.3869,126.7825,34.4267,126.823,34.4398,126.8611,34.3928,126.8247,34.3952,126.7757,34.3547,126.7625,34.383
A|126.3407,34.8641,126.3596,34.8586,126.3617,34.8374,126.3421,34.8225,126.3382,34.8415,126.3062,34.8559,126.2487,34.8447,126.2307,34.8546,126.2927,34.8807,126.2865,34.9129,126.2974,34.9175,126.3452,34.8962,126.3181,34.8765,126.3407,34.8641
A|126.2342,35.0471,126.1748,35.0683,126.1587,35.0942,126.1775,35.1058,126.236,35.0984,126.2185,35.0766,126.2492,35.0633,126.265,35.0342,126.2429,35.0273,126.2342,35.0471
A|128.9628,35.1334,128.9184,35.0819,128.9046,35.0811,128.8979,35.1213,128.8822,35.0815,128.7916,35.083,128.7811,35.1111,128.762,35.0794,128.7278,35.1047,128.7004,35.0961,128.6963,35.1435,128.6799,35.116,128.638,35.1498,128.6179,35.1433,128.6021,35.2139,128.5779,35.1787,128.627,35.0908,128.6248,35.0682,128.6521,35.0613,128.6036,35.0566,128.5803,35.0879,128.4781,35.0991,128.4813,35.075,128.3892,35.049,128.3714,35.0136,128.4881,35.0512,128.4976,35.0207,128.4915,34.9959,128.42,34.9827,128.4414,34.9599,128.433,34.8907,128.4509,34.8859,128.4609,34.9037,128.4745,34.8907,128.4353,34.8432,128.4129,34.8376,128.3829,34.8393,128.3834,34.8546,128.4159,34.8627,128.3538,34.8685,128.3265,34.8891,128.3578,34.9099,128.3351,34.9473,128.3023,34.908,128.2241,34.9379,128.207,34.8907,128.1394,34.8919,128.1211,34.9003,128.1177,34.9242,128.0557,34.9316,128.054,35.0358,128.0693,35.0825,128.025,35.0358,128.001,35.0341,128.0193,34.9987,127.9539,34.9788,127.9258,35.0198,127.9121,34.9621,127.8912,34.9467,127.8303,34.9447,127.805,34.9571,127.7891,35.0073,127.7268,35.0629,127.7074,35.1025,127.6605,35.1364,127.6327,35.235,127.6121,35.2548,127.6384,35.2942,127.6465,35.3456,127.6883,35.3864,127.6943,35.4138,127.6697,35.4405,127.6548,35.5133,127.6291,35.5222,127.6302,35.5473,127.7066,35.7348,127.7698,35.8027,127.8676,35.8342,127.9139,35.8871,127.9656,35.8272,128.1243,35.7936,128.1433,35.7768,128.2165,35.7051,128.2039,35.659,128.2196,35.6128,128.3403,35.6102,128.4214,35.5793,128.475,35.6017,128.5024,35.5971,128.5501,35.6403,128.5584,35.585,128.5836,35.5599,128.6149,35.5438,128.6886,35.5526,128.7525,35.5311,128.7898,35.5302,128.9126,35.591,128.9805,35.5719,129.0085,35.5795,129.0127,35.5397,128.9877,35.4987,129.0027,35.474,129.0643,35.4663,129.2079,35.3722,129.2364,35.3268,129.2688,35.3157,129.2557,35.247,129.1993,35.1636,129.1362,35.2183,129.1128,35.2605,129.0678,35.2716,129.011,35.2381,129.0005,35.179,128.9628,35.1334
A|128.0696,34.815,128.0559,34.6982,127.9753,34.6999,127.9541,34.7597,127.9377,34.767,127.9063,34.7131,127.8921,34.7127,127.8618,34.7309,127.8294,34.869,127.9021,34.94,127.9382,34.914,127.9056,34.869,127.9199,34.8354,127.9619,34.807,128.0696,34.815
A|128.7485,34.869,128.7429,34.8445,128.7206,34.8423,128.7417,34.7907,128.6864,34.8081,128.6572,34.757,128.6939,34.7362,128.584,34.7051,128.6182,34.7256,128.5986,34.74,128.6045,34.7665,128.5735,34.7535,128.5604,34.7818,128.5916,34.7912,128.6045,34.8354,128.5908,34.8423,128.5288,34.8081,128.4885,34.869,128.5233,34.8992,128.5737,34.9101,128.6455,34.8907,128.6164,34.9219,128.6106,34.9549,128.6939,34.9863,128.6819,35.0046,128.7029,35.0329,128.7249,35.0189,128.7192,34.9663,128.7344,34.9355,128.7144,34.8764,128.7443,34.8878,128.7485,34.869
A|128.0728,34.8451,128.0824,34.8356,128.0718,34.8334,127.9873,34.8381,127.9636,34.8598,128.0178,34.9166,128.0134,34.8691,128.0459,34.8936,128.0728,34.8451
A|128.8428,35.0219,128.8267,34.9924,128.8044,35.0563,128.8364,35.0598,128.8428,35.0219
A|128.2946,34.6396,128.2817,34.6199,128.2363,34.6105,128.2253,34.6328,128.2395,34.6524,128.2713,34.6323,128.2946,34.6396
A|128.3858,34.8201,128.438,34.8196,128.4231,34.7633,128.3687,34.7965,128.3801,34.8104,128.3704,34.8167,128.3342,34.8191,128.3518,34.8354,128.3858,34.8201
A|128.2399,34.8362,128.2605,34.8146,128.2385,34.7969,128.2058,34.8156,128.2399,34.8362
A|129.1993,35.1636,129.1203,35.1496,129.1235,35.1008,129.1011,35.0923,129.0638,35.1208,129.0219,35.06,128.997,35.0757,129.0004,35.0459,128.9584,35.0504,128.9628,35.1334,129.0005,35.179,129.011,35.2381,129.0442,35.2638,129.1128,35.2605,129.1362,35.2183,129.1993,35.1636
A|129.4591,35.6108,129.4546,35.5133,129.4129,35.4721,129.4004,35.5126,129.3735,35.5328,129.3652,35.5133,129.3871,35.5023,129.3919,35.4757,129.3578,35.4518,129.3646,35.4069,129.3468,35.3823,129.3604,35.3536,129.2927,35.316,129.2364,35.3268,129.2079,35.3722,129.0643,35.4663,129.0027,35.474,128.9877,35.4987,129.0127,35.5397,129.0085,35.5795,129.0737,35.6079,129.0649,35.6446,129.1409,35.6779,129.2446,35.6641,129.2692,35.6162,129.379,35.6264,129.4591,35.6108
A|129.4226,36.6166,129.4471,36.4933,129.4409,36.4079,129.3919,36.3425,129.3823,36.2019,129.4305,36.0974,129.3809,36.0415,129.4533,35.9933,129.5548,36.0825,129.5713,36.0718,129.5873,36.0169,129.5356,35.939,129.4977,35.7479,129.4431,35.6361,129.4591,35.6108,129.379,35.6264,129.2692,35.6162,129.2446,35.6641,129.1755,35.6822,129.0986,35.6659,129.0649,35.6446,129.0737,35.6079,128.9805,35.5719,128.9126,35.591,128.7898,35.5302,128.6886,35.5526,128.6149,35.5438,128.5584,35.585,128.5501,35.6403,128.5024,35.5971,128.475,35.6017,128.4214,35.5793,128.3403,35.6102,128.2196,35.6128,128.2039,35.659,128.2165,35.7051,128.1243,35.7936,127.9736,35.8243,127.9219,35.8648,127.9185,35.9508,127.8776,36.0074,127.927,36.0238,127.9425,36.0483,127.9682,36.0946,127.9646,36.1516,127.9888,36.1683,128.0341,36.1637,128.0227,36.2159,128.0001,36.2293,127.949,36.2194,127.8771,36.2524,127.8369,36.2447,127.8309,36.2922,127.8674,36.3307,127.85,36.3637,127.86,36.4422,127.8881,36.4794,127.8392,36.5366,127.8,36.542,127.7887,36.5648,127.8182,36.5725,127.8552,36.6093,127.8627,36.6407,127.9288,36.671,127.9505,36.697,128.0595,36.6747,128.0258,36.7169,128.0571,36.7757,128.0931,36.7686,128.1266,36.7952,128.2024,36.7763,128.2379,36.8319,128.306,36.7702,128.3417,36.7608,128.4254,36.789,128.4401,36.8282,128.4199,36.8478,128.5047,36.9407,128.6503,37.0223,128.756,36.996,128.7585,37.065,128.8038,37.0929,128.8311,37.0912,128.8819,37.061,128.8817,37.0261,128.9401,37.0532,129.061,37.0245,129.1143,37.0413,129.1797,37.0199,129.1895,36.9968,129.1658,36.9827,129.1366,36.9919,129.1009,36.9759,129.0981,36.9187,129.1516,36.8813,129.1684,36.8416,129.2861,36.8196,129.2821,36.7968,129.2985,36.7829,129.2744,36.7311,129.289,36.6561,129.2779,36.6323,129.3472,36.6117,129.4226,36.6166
A|128.7413,35.8488,128.7623,35.8777,128.7597,35.9105,128.7409,35.9277,128.746,35.9676,128.6932,36.0093,128.5767,35.9996,128.5297,35.968,128.536,35.9224,128.5081,35.8874,128.5245,35.8736,128.4753,35.8462,128.5624,35.7683,128.5986,35.803,128.6887,35.7881,128.711,35.7991,128.7244,35.85,128.7413,35.8488
A|130.9036,37.5458,130.9207,37.5356,130.9194,37.5102,130.8967,37.4631,130.8522,37.4595,130.811,37.487,130.8143,37.5226,130.9036,37.5458
A|126.9461,33.478,126.9392,33.4309,126.8735,33.373,126.8406,33.3102,126.6407,33.2647,126.6069,33.2406,126.4706,33.2287,126.3334,33.2382,126.27,33.1976,126.1714,33.2694,126.1611,33.3008,126.1958,33.3667,126.3106,33.4645,126.4849,33.5208,126.7924,33.5638,126.8982,33.519,126.9324,33.4649,126.9461,33.478
A|127.0543,37.6831,127.0903,37.6808,127.1074,37.6574,127.1245,37.6033,127.1159,37.5506,127.1871,37.5578,127.1947,37.5432,127.1629,37.5147,127.1713,37.4894,127.1446,37.4578,127.0608,37.4285,127.0493,37.4494,126.9208,37.4295,126.8914,37.4601,126.8425,37.4775,126.8373,37.5062,126.7937,37.5517,126.8087,37.5772,126.8925,37.5667,126.9137,37.5769,126.9212,37.61,126.966,37.6134,127.0231,37.6772,127.0543,37.6831
A|127.3166,36.2332,127.2907,36.3601,127.219,36.4562,127.3526,36.4791,127.3716,36.4257,127.4018,36.4188,127.4596,36.4355,127.4823,36.3745,127.4498,36.2908,127.3166,36.2332
A|127.1042,36.6916,127.2465,36.646,127.2117,36.5357,127.3614,36.5437,127.3526,36.4791,127.1508,36.4412,127.0598,36.4556,127.0841,36.4883,127.0809,36.6398,127.1042,36.6916
A|127.4926,37.0003,127.607,37.1314,127.819,37.1661,127.8104,37.1178,127.8885,37.1144,127.9232,37.1374,127.9177,37.186,127.9876,37.2183,128.0256,37.1862,128.038,37.1508,128.1911,37.2028,128.3219,37.1754,128.2643,37.1168,128.2753,37.1069,128.3855,37.1163,128.4207,37.0637,128.5084,37.0741,128.6503,37.0223,128.4651,36.9104,128.4199,36.8478,128.4401,36.8282,128.4254,36.789,128.3417,36.7608,128.306,36.7702,128.2379,36.8319,128.2024,36.7763,128.1266,36.7952,128.0931,36.7686,128.0571,36.7757,128.0258,36.7169,128.0595,36.6747,127.9505,36.697,127.9288,36.671,127.8627,36.6407,127.8552,36.6093,127.8182,36.5725,127.7887,36.5648,127.8,36.542,127.8392,36.5366,127.8881,36.4794,127.86,36.4422,127.85,36.3637,127.8674,36.3307,127.8309,36.2922,127.8369,36.2447,127.8771,36.2524,127.949,36.2194,128.0001,36.2293,128.0227,36.2159,128.0341,36.1637,127.9888,36.1683,127.9646,36.1516,127.9682,36.0946,127.927,36.0238,127.852,35.987,127.8227,36.0046,127.7537,35.9752,127.619,36.0295,127.5759,36.0874,127.5583,36.186,127.498,36.209,127.4657,36.2036,127.4768,36.2984,127.5389,36.3902,127.5122,36.3987,127.4823,36.3745,127.4596,36.4355,127.4018,36.4188,127.3716,36.4257,127.3754,36.4433,127.3503,36.4714,127.3614,36.5437,127.2117,36.5357,127.227,36.6119,127.2953,36.7077,127.3225,36.7158,127.3393,36.7648,127.3233,36.8128,127.26,36.8789,127.3806,36.9148,127.3896,36.9442,127.4674,37.0096,127.4926,37.0003
A|126.934,35.2546,126.9856,35.2388,127.0058,35.193,126.9664,35.1501,126.9047,35.1581,126.8503,35.1849,126.8229,35.2341,126.8445,35.2508,126.934,35.2546
A|128.6932,36.0093,128.746,35.9676,128.7409,35.9277,128.7618,35.8946,128.7569,35.8619,128.7244,35.85,128.711,35.7991,128.6887,35.7881,128.5986,35.803,128.5624,35.7683,128.4813,35.8277,128.4891,35.8619,128.5245,35.8736,128.5081,35.8874,128.536,35.9224,128.5297,35.968,128.5767,35.9996,128.6932,36.0093
